game_uuid,game_url,archive_month,game_year,game_month,game_end_timestamp,game_end_datetime_utc,rated,rules,time_class,time_control_raw,time_control_base_seconds,time_control_increment_seconds,eco_url,eco_code,opening_name,white_username,black_username,white_rating,black_rating,rating_diff,white_accuracy,black_accuracy,result_raw,termination,ply_index,fullmove_number,side_to_move,side_to_move_name,san_move,uci_move,is_capture,is_check,is_checkmate,is_castling,is_promotion,promotion_piece,from_square,to_square,piece_moved,board_fen_before,board_fen_after,active_color_before,castling_rights_before,en_passant_square_before,halfmove_clock_before,fullmove_number_before,legal_moves_count_before,material_white_before,material_black_before,material_diff_before,white_clock_seconds_after,black_clock_seconds_after,clock_seconds_after_for_side_to_move,side_to_move_clock_before,time_spent_on_move_seconds,clock_remaining_pct,avg_time_spent_per_move_so_far,is_in_time_trouble_30s,end_hour_utc,end_weekday_utc,white_pawns_before,white_knights_before,white_bishops_before,white_rooks_before,white_queens_before,black_pawns_before,black_knights_before,black_bishops_before,black_rooks_before,black_queens_before,white_doubled_pawns_before,black_doubled_pawns_before,doubled_pawns_diff_before,white_isolated_pawns_before,black_isolated_pawns_before,isolated_pawns_diff_before,white_passed_pawns_before,black_passed_pawns_before,passed_pawns_diff_before,white_pawn_shield_score_before,black_pawn_shield_score_before,pawn_shield_diff_before,white_king_tropism_before,black_king_tropism_before,king_tropism_diff_before,white_can_castle_kingside_before,white_can_castle_queenside_before,black_can_castle_kingside_before,black_can_castle_queenside_before,in_check_before,is_opening_phase,is_middlegame_phase,is_endgame_phase,ply_bucket,total_piece_count_before,non_pawn_material_white_before,non_pawn_material_black_before,non_pawn_material_diff_before,bishops_pair_white_before,bishops_pair_black_before,side_to_move_rating,opponent_rating,side_to_move_rating_diff,final_result_class,white_won_flag,black_won_flag,draw_flag
bdac15fa-7a05-11ed-a664-78ac4409ff3c,https://www.chess.com/game/live/64578824913,2022-12,2022,12,1670840736,2022-12-12T10:25:36+00:00,True,chess,rapid,600,600,0,https://www.chess.com/openings/Scotch-Game,C45,Scotch Game,Tirex300,Slick002,546,322,224,46.14,32.01,pgn:1-0 | white:win | black:resigned,Tirex300 won by resignation,1,1,w,white,e4,e2e4,False,False,False,False,False,,e2,e4,pawn,rnbqkbnr/pppppppp/8/8/8/8/PPPPPPPP/RNBQKBNR w KQkq - 0 1,rnbqkbnr/pppppppp/8/8/4P3/8/PPPP1PPP/RNBQKBNR b KQkq - 0 1,w,KQkq,-,0,1,20,39,39,0,599.2,,599.2,600.0,0.7999999999999545,1.0,,False,10,Monday,8,2,2,2,1,8,2,2,2,1,0,0,0,0,0,0,0,0,0,3,3,0,0.9999999999999998,0.9999999999999998,0.0,True,True,True,True,False,True,False,False,0001-0010,32,31,31,0,True,True,546,322,224,white_win,1,0,0
bdac15fa-7a05-11ed-a664-78ac4409ff3c,https://www.chess.com/game/live/64578824913,2022-12,2022,12,1670840736,2022-12-12T10:25:36+00:00,True,chess,rapid,600,600,0,https://www.chess.com/openings/Scotch-Game,C45,Scotch Game,Tirex300,Slick002,546,322,224,46.14,32.01,pgn:1-0 | white:win | black:resigned,Tirex300 won by resignation,2,1,b,black,e5,e7e5,False,False,False,False,False,,e7,e5,pawn,rnbqkbnr/pppppppp/8/8/4P3/8/PPPP1PPP/RNBQKBNR b KQkq - 0 1,rnbqkbnr/pppp1ppp/8/4p3/4P3/8/PPPP1PPP/RNBQKBNR w KQkq - 0 2,b,KQkq,e3,0,1,20,39,39,0,599.2,598.0,598.0,600.0,2.0,1.0,,False,10,Monday,8,2,2,2,1,8,2,2,2,1,0,0,0,0,0,0,0,0,0,2,3,-1,0.9999999999999998,0.9999999999999998,0.0,True,True,True,True,False,True,False,False,0001-0010,32,31,31,0,True,True,322,546,-224,white_win,1,0,0
bdac15fa-7a05-11ed-a664-78ac4409ff3c,https://www.chess.com/game/live/64578824913,2022-12,2022,12,1670840736,2022-12-12T10:25:36+00:00,True,chess,rapid,600,600,0,https://www.chess.com/openings/Scotch-Game,C45,Scotch Game,Tirex300,Slick002,546,322,224,46.14,32.01,pgn:1-0 | white:win | black:resigned,Tirex300 won by resignation,3,2,w,white,Nf3,g1f3,False,False,False,False,False,,g1,f3,knight,rnbqkbnr/pppp1ppp/8/4p3/4P3/8/PPPP1PPP/RNBQKBNR w KQkq - 0 2,rnbqkbnr/pppp1ppp/8/4p3/4P3/5N2/PPPP1PPP/RNBQKB1R b KQkq - 1 2,w,KQkq,e6,0,2,29,39,39,0,594.2,598.0,594.2,599.2,5.0,0.9986666666666667,0.7999999999999545,False,10,Monday,8,2,2,2,1,8,2,2,2,1,0,0,0,0,0,0,0,0,0,2,2,0,0.9999999999999998,0.9999999999999998,0.0,True,True,True,True,False,True,False,False,0001-0010,32,31,31,0,True,True,546,322,224,white_win,1,0,0
bdac15fa-7a05-11ed-a664-78ac4409ff3c,https://www.chess.com/game/live/64578824913,2022-12,2022,12,1670840736,2022-12-12T10:25:36+00:00,True,chess,rapid,600,600,0,https://www.chess.com/openings/Scotch-Game,C45,Scotch Game,Tirex300,Slick002,546,322,224,46.14,32.01,pgn:1-0 | white:win | black:resigned,Tirex300 won by resignation,4,2,b,black,Nc6,b8c6,False,False,False,False,False,,b8,c6,knight,rnbqkbnr/pppp1ppp/8/4p3/4P3/5N2/PPPP1PPP/RNBQKB1R b KQkq - 1 2,r1bqkbnr/pppp1ppp/2n5/4p3/4P3/5N2/PPPP1PPP/RNBQKB1R w KQkq - 2 3,b,KQkq,-,1,2,29,39,39,0,594.2,592.6,592.6,598.0,5.399999999999977,0.9966666666666667,2.0,False,10,Monday,8,2,2,2,1,8,2,2,2,1,0,0,0,0,0,0,0,0,0,2,2,0,0.9999999999999998,1.057142857142857,-0.05714285714285716,True,True,True,True,False,True,False,False,0001-0010,32,31,31,0,True,True,322,546,-224,white_win,1,0,0
bdac15fa-7a05-11ed-a664-78ac4409ff3c,https://www.chess.com/game/live/64578824913,2022-12,2022,12,1670840736,2022-12-12T10:25:36+00:00,True,chess,rapid,600,600,0,https://www.chess.com/openings/Scotch-Game,C45,Scotch Game,Tirex300,Slick002,546,322,224,46.14,32.01,pgn:1-0 | white:win | black:resigned,Tirex300 won by resignation,5,3,w,white,d4,d2d4,False,False,False,False,False,,d2,d4,pawn,r1bqkbnr/pppp1ppp/2n5/4p3/4P3/5N2/PPPP1PPP/RNBQKB1R w KQkq - 2 3,r1bqkbnr/pppp1ppp/2n5/4p3/3PP3/5N2/PPP2PPP/RNBQKB1R b KQkq - 0 3,w,KQkq,-,2,3,27,39,39,0,583.2,592.6,583.2,594.2,11.0,0.9903333333333334,2.8999999999999773,False,10,Monday,8,2,2,2,1,8,2,2,2,1,0,0,0,0,0,0,0,0,0,2,2,0,1.057142857142857,1.057142857142857,0.0,True,True,True,True,False,True,False,False,0001-0010,32,31,31,0,True,True,546,322,224,white_win,1,0,0
bdac15fa-7a05-11ed-a664-78ac4409ff3c,https://www.chess.com/game/live/64578824913,2022-12,2022,12,1670840736,2022-12-12T10:25:36+00:00,True,chess,rapid,600,600,0,https://www.chess.com/openings/Scotch-Game,C45,Scotch Game,Tirex300,Slick002,546,322,224,46.14,32.01,pgn:1-0 | white:win | black:resigned,Tirex300 won by resignation,6,3,b,black,Nf6,g8f6,False,False,False,False,False,,g8,f6,knight,r1bqkbnr/pppp1ppp/2n5/4p3/3PP3/5N2/PPP2PPP/RNBQKB1R b KQkq - 0 3,r1bqkb1r/pppp1ppp/2n2n2/4p3/3PP3/5N2/PPP2PPP/RNBQKB1R w KQkq - 1 4,b,KQkq,d3,0,3,32,39,39,0,583.2,533.4,533.4,592.6,59.200000000000045,0.9876666666666667,3.6999999999999886,False,10,Monday,8,2,2,2,1,8,2,2,2,1,0,0,0,0,0,0,0,0,0,1,2,-1,1.057142857142857,1.057142857142857,0.0,True,True,True,True,False,True,False,False,0001-0010,32,31,31,0,True,True,322,546,-224,white_win,1,0,0
bdac15fa-7a05-11ed-a664-78ac4409ff3c,https://www.chess.com/game/live/64578824913,2022-12,2022,12,1670840736,2022-12-12T10:25:36+00:00,True,chess,rapid,600,600,0,https://www.chess.com/openings/Scotch-Game,C45,Scotch Game,Tirex300,Slick002,546,322,224,46.14,32.01,pgn:1-0 | white:win | black:resigned,Tirex300 won by resignation,7,4,w,white,Bd3,f1d3,False,False,False,False,False,,f1,d3,bishop,r1bqkb1r/pppp1ppp/2n2n2/4p3/3PP3/5N2/PPP2PPP/RNBQKB1R w KQkq - 1 4,r1bqkb1r/pppp1ppp/2n2n2/4p3/3PP3/3B1N2/PPP2PPP/RNBQK2R b KQkq - 2 4,w,KQkq,-,1,4,36,39,39,0,561.6,533.4,561.6,583.2,21.600000000000023,0.9720000000000001,5.5999999999999845,False,10,Monday,8,2,2,2,1,8,2,2,2,1,0,0,0,0,0,0,0,0,0,1,2,-1,1.114285714285714,1.057142857142857,0.05714285714285716,True,True,True,True,False,True,False,False,0001-0010,32,31,31,0,True,True,546,322,224,white_win,1,0,0
bdac15fa-7a05-11ed-a664-78ac4409ff3c,https://www.chess.com/game/live/64578824913,2022-12,2022,12,1670840736,2022-12-12T10:25:36+00:00,True,chess,rapid,600,600,0,https://www.chess.com/openings/Scotch-Game,C45,Scotch Game,Tirex300,Slick002,546,322,224,46.14,32.01,pgn:1-0 | white:win | black:resigned,Tirex300 won by resignation,8,4,b,black,Bb4+,f8b4,False,True,False,False,False,,f8,b4,bishop,r1bqkb1r/pppp1ppp/2n2n2/4p3/3PP3/3B1N2/PPP2PPP/RNBQK2R b KQkq - 2 4,r1bqk2r/pppp1ppp/2n2n2/4p3/1b1PP3/3B1N2/PPP2PPP/RNBQK2R w KQkq - 3 5,b,KQkq,-,2,4,30,39,39,0,561.6,518.7,518.7,533.4,14.699999999999932,0.889,22.200000000000006,False,10,Monday,8,2,2,2,1,8,2,2,2,1,0,0,0,0,0,0,0,0,0,1,2,-1,1.114285714285714,1.114285714285714,0.0,True,True,True,True,False,True,False,False,0001-0010,32,31,31,0,True,True,322,546,-224,white_win,1,0,0
bdac15fa-7a05-11ed-a664-78ac4409ff3c,https://www.chess.com/game/live/64578824913,2022-12,2022,12,1670840736,2022-12-12T10:25:36+00:00,True,chess,rapid,600,600,0,https://www.chess.com/openings/Scotch-Game,C45,Scotch Game,Tirex300,Slick002,546,322,224,46.14,32.01,pgn:1-0 | white:win | black:resigned,Tirex300 won by resignation,9,5,w,white,Kf1,e1f1,False,False,False,False,False,,e1,f1,king,r1bqk2r/pppp1ppp/2n2n2/4p3/1b1PP3/3B1N2/PPP2PPP/RNBQK2R w KQkq - 3 5,r1bqk2r/pppp1ppp/2n2n2/4p3/1b1PP3/3B1N2/PPP2PPP/RNBQ1K1R b kq - 4 5,w,KQkq,-,3,5,8,39,39,0,543.4,518.7,543.4,561.6,18.200000000000045,0.936,9.599999999999994,False,10,Monday,8,2,2,2,1,8,2,2,2,1,0,0,0,0,0,0,0,0,0,1,2,-1,1.3047619047619046,1.114285714285714,0.19047619047619047,True,True,True,True,True,True,False,False,0001-0010,32,31,31,0,True,True,546,322,224,white_win,1,0,0
bdac15fa-7a05-11ed-a664-78ac4409ff3c,https://www.chess.com/game/live/64578824913,2022-12,2022,12,1670840736,2022-12-12T10:25:36+00:00,True,chess,rapid,600,600,0,https://www.chess.com/openings/Scotch-Game,C45,Scotch Game,Tirex300,Slick002,546,322,224,46.14,32.01,pgn:1-0 | white:win | black:resigned,Tirex300 won by resignation,10,5,b,black,d5,d7d5,False,False,False,False,False,,d7,d5,pawn,r1bqk2r/pppp1ppp/2n2n2/4p3/1b1PP3/3B1N2/PPP2PPP/RNBQ1K1R b kq - 4 5,r1bqk2r/ppp2ppp/2n2n2/3pp3/1b1PP3/3B1N2/PPP2PPP/RNBQ1K1R w kq - 0 6,b,kq,-,4,5,36,39,39,0,543.4,492.2,492.2,518.7,26.500000000000057,0.8645,20.32499999999999,False,10,Monday,8,2,2,2,1,8,2,2,2,1,0,0,0,0,0,0,0,0,0,2,2,0,1.2214285714285713,1.114285714285714,0.1071428571428572,False,False,True,True,False,True,False,False,0001-0010,32,31,31,0,True,True,322,546,-224,white_win,1,0,0
bdac15fa-7a05-11ed-a664-78ac4409ff3c,https://www.chess.com/game/live/64578824913,2022-12,2022,12,1670840736,2022-12-12T10:25:36+00:00,True,chess,rapid,600,600,0,https://www.chess.com/openings/Scotch-Game,C45,Scotch Game,Tirex300,Slick002,546,322,224,46.14,32.01,pgn:1-0 | white:win | black:resigned,Tirex300 won by resignation,11,6,w,white,Bb5,d3b5,False,False,False,False,False,,d3,b5,bishop,r1bqk2r/ppp2ppp/2n2n2/3pp3/1b1PP3/3B1N2/PPP2PPP/RNBQ1K1R w kq - 0 6,r1bqk2r/ppp2ppp/2n2n2/1B1pp3/1b1PP3/5N2/PPP2PPP/RNBQ1K1R b kq - 1 6,w,kq,d6,0,6,35,39,39,0,524.2,492.2,524.2,543.4,19.199999999999932,0.9056666666666666,11.320000000000004,False,10,Monday,8,2,2,2,1,8,2,2,2,1,0,0,0,0,0,0,0,0,0,2,1,1,1.2214285714285713,1.114285714285714,0.1071428571428572,False,False,True,True,False,True,False,False,0011-0020,32,31,31,0,True,True,546,322,224,white_win,1,0,0
bdac15fa-7a05-11ed-a664-78ac4409ff3c,https://www.chess.com/game/live/64578824913,2022-12,2022,12,1670840736,2022-12-12T10:25:36+00:00,True,chess,rapid,600,600,0,https://www.chess.com/openings/Scotch-Game,C45,Scotch Game,Tirex300,Slick002,546,322,224,46.14,32.01,pgn:1-0 | white:win | black:resigned,Tirex300 won by resignation,12,6,b,black,Nxe4,f6e4,True,False,False,False,False,,f6,e4,knight,r1bqk2r/ppp2ppp/2n2n2/1B1pp3/1b1PP3/5N2/PPP2PPP/RNBQ1K1R b kq - 1 6,r1bqk2r/ppp2ppp/2n5/1B1pp3/1b1Pn3/5N2/PPP2PPP/RNBQ1K1R w kq - 0 7,b,kq,-,1,6,38,39,39,0,524.2,474.2,474.2,492.2,18.0,0.8203333333333334,21.560000000000002,False,10,Monday,8,2,2,2,1,8,2,2,2,1,0,0,0,0,0,0,0,0,0,2,1,1,1.2214285714285713,1.2476190476190474,-0.026190476190476097,False,False,True,True,False,True,False,False,0011-0020,32,31,31,0,True,True,322,546,-224,white_win,1,0,0
bdac15fa-7a05-11ed-a664-78ac4409ff3c,https://www.chess.com/game/live/64578824913,2022-12,2022,12,1670840736,2022-12-12T10:25:36+00:00,True,chess,rapid,600,600,0,https://www.chess.com/openings/Scotch-Game,C45,Scotch Game,Tirex300,Slick002,546,322,224,46.14,32.01,pgn:1-0 | white:win | black:resigned,Tirex300 won by resignation,13,7,w,white,Bxc6+,b5c6,True,True,False,False,False,,b5,c6,bishop,r1bqk2r/ppp2ppp/2n5/1B1pp3/1b1Pn3/5N2/PPP2PPP/RNBQ1K1R w kq - 0 7,r1bqk2r/ppp2ppp/2B5/3pp3/1b1Pn3/5N2/PPP2PPP/RNBQ1K1R b kq - 0 7,w,kq,-,0,7,37,38,39,-1,497.6,474.2,497.6,524.2,26.600000000000023,0.8736666666666667,12.633333333333326,False,10,Monday,7,2,2,2,1,8,2,2,2,1,0,0,0,0,0,0,0,0,0,2,1,1,1.3547619047619046,1.2476190476190474,0.1071428571428572,False,False,True,True,False,True,False,False,0011-0020,31,31,31,0,True,True,546,322,224,white_win,1,0,0
bdac15fa-7a05-11ed-a664-78ac4409ff3c,https://www.chess.com/game/live/64578824913,2022-12,2022,12,1670840736,2022-12-12T10:25:36+00:00,True,chess,rapid,600,600,0,https://www.chess.com/openings/Scotch-Game,C45,Scotch Game,Tirex300,Slick002,546,322,224,46.14,32.01,pgn:1-0 | white:win | black:resigned,Tirex300 won by resignation,14,7,b,black,bxc6,b7c6,True,False,False,False,False,,b7,c6,pawn,r1bqk2r/ppp2ppp/2B5/3pp3/1b1Pn3/5N2/PPP2PPP/RNBQ1K1R b kq - 0 7,r1bqk2r/p1p2ppp/2p5/3pp3/1b1Pn3/5N2/PPP2PPP/RNBQ1K1R w kq - 0 8,b,kq,-,0,7,5,38,36,2,497.6,472.3,472.3,474.2,1.8999999999999773,0.7903333333333333,20.96666666666667,False,10,Monday,7,2,2,2,1,8,1,2,2,1,0,0,0,0,0,0,0,0,0,2,1,1,1.1547619047619044,1.4142857142857141,-0.2595238095238097,False,False,True,True,True,True,False,False,0011-0020,30,31,28,3,True,True,322,546,-224,white_win,1,0,0
bdac15fa-7a05-11ed-a664-78ac4409ff3c,https://www.chess.com/game/live/64578824913,2022-12,2022,12,1670840736,2022-12-12T10:25:36+00:00,True,chess,rapid,600,600,0,https://www.chess.com/openings/Scotch-Game,C45,Scotch Game,Tirex300,Slick002,546,322,224,46.14,32.01,pgn:1-0 | white:win | black:resigned,Tirex300 won by resignation,15,8,w,white,dxe5,d4e5,True,False,False,False,False,,d4,e5,pawn,r1bqk2r/p1p2ppp/2p5/3pp3/1b1Pn3/5N2/PPP2PPP/RNBQ1K1R w kq - 0 8,r1bqk2r/p1p2ppp/2p5/3pP3/1b2n3/5N2/PPP2PPP/RNBQ1K1R b kq - 0 8,w,kq,-,0,8,31,35,36,-1,493.8,472.3,493.8,497.6,3.8000000000000114,0.8293333333333334,14.628571428571425,False,10,Monday,7,2,1,2,1,8,1,2,2,1,0,2,-2,0,1,-1,0,0,0,2,1,1,1.1547619047619044,0.9142857142857141,0.2404761904761903,False,False,True,True,False,True,False,False,0011-0020,29,28,28,0,False,True,546,322,224,white_win,1,0,0
bdac15fa-7a05-11ed-a664-78ac4409ff3c,https://www.chess.com/game/live/64578824913,2022-12,2022,12,1670840736,2022-12-12T10:25:36+00:00,True,chess,rapid,600,600,0,https://www.chess.com/openings/Scotch-Game,C45,Scotch Game,Tirex300,Slick002,546,322,224,46.14,32.01,pgn:1-0 | white:win | black:resigned,Tirex300 won by resignation,16,8,b,black,Bg4,c8g4,False,False,False,False,False,,c8,g4,bishop,r1bqk2r/p1p2ppp/2p5/3pP3/1b2n3/5N2/PPP2PPP/RNBQ1K1R b kq - 0 8,r2qk2r/p1p2ppp/2p5/3pP3/1b2n1b1/5N2/PPP2PPP/RNBQ1K1R w kq - 1 9,b,kq,-,0,8,47,35,35,0,493.8,438.0,438.0,472.3,34.30000000000001,0.7871666666666667,18.24285714285714,False,10,Monday,7,2,1,2,1,7,1,2,2,1,0,2,-2,0,1,-1,0,0,0,2,1,1,1.1547619047619044,0.9142857142857141,0.2404761904761903,False,False,True,True,False,True,False,False,0011-0020,28,28,28,0,False,True,322,546,-224,white_win,1,0,0
bdac15fa-7a05-11ed-a664-78ac4409ff3c,https://www.chess.com/game/live/64578824913,2022-12,2022,12,1670840736,2022-12-12T10:25:36+00:00,True,chess,rapid,600,600,0,https://www.chess.com/openings/Scotch-Game,C45,Scotch Game,Tirex300,Slick002,546,322,224,46.14,32.01,pgn:1-0 | white:win | black:resigned,Tirex300 won by resignation,17,9,w,white,Qe2,d1e2,False,False,False,False,False,,d1,e2,queen,r2qk2r/p1p2ppp/2p5/3pP3/1b2n1b1/5N2/PPP2PPP/RNBQ1K1R w kq - 1 9,r2qk2r/p1p2ppp/2p5/3pP3/1b2n1b1/5N2/PPP1QPPP/RNB2K1R b kq - 2 9,w,kq,-,1,9,32,35,35,0,428.5,438.0,428.5,493.8,65.30000000000001,0.8230000000000001,13.274999999999999,False,10,Monday,7,2,1,2,1,7,1,2,2,1,0,2,-2,0,1,-1,0,0,0,2,1,1,1.345238095238095,0.9142857142857141,0.43095238095238075,False,False,True,True,False,True,False,False,0011-0020,28,28,28,0,False,True,546,322,224,white_win,1,0,0
bdac15fa-7a05-11ed-a664-78ac4409ff3c,https://www.chess.com/game/live/64578824913,2022-12,2022,12,1670840736,2022-12-12T10:25:36+00:00,True,chess,rapid,600,600,0,https://www.chess.com/openings/Scotch-Game,C45,Scotch Game,Tirex300,Slick002,546,322,224,46.14,32.01,pgn:1-0 | white:win | black:resigned,Tirex300 won by resignation,18,9,b,black,Qe7,d8e7,False,False,False,False,False,,d8,e7,queen,r2qk2r/p1p2ppp/2p5/3pP3/1b2n1b1/5N2/PPP1QPPP/RNB2K1R b kq - 2 9,r3k2r/p1p1qppp/2p5/3pP3/1b2n1b1/5N2/PPP1QPPP/RNB2K1R w kq - 3 10,b,kq,-,2,9,50,35,35,0,428.5,381.7,381.7,438.0,56.30000000000001,0.73,20.25,False,10,Monday,7,2,1,2,1,7,1,2,2,1,0,2,-2,0,1,-1,0,0,0,2,1,1,1.345238095238095,0.938095238095238,0.4071428571428569,False,False,True,True,False,True,False,False,0011-0020,28,28,28,0,False,True,322,546,-224,white_win,1,0,0
bdac15fa-7a05-11ed-a664-78ac4409ff3c,https://www.chess.com/game/live/64578824913,2022-12,2022,12,1670840736,2022-12-12T10:25:36+00:00,True,chess,rapid,600,600,0,https://www.chess.com/openings/Scotch-Game,C45,Scotch Game,Tirex300,Slick002,546,322,224,46.14,32.01,pgn:1-0 | white:win | black:resigned,Tirex300 won by resignation,19,10,w,white,c3,c2c3,False,False,False,False,False,,c2,c3,pawn,r3k2r/p1p1qppp/2p5/3pP3/1b2n1b1/5N2/PPP1QPPP/RNB2K1R w kq - 3 10,r3k2r/p1p1qppp/2p5/3pP3/1b2n1b1/2P2N2/PP2QPPP/RNB2K1R b kq - 0 10,w,kq,-,3,10,34,35,35,0,413.7,381.7,413.7,428.5,14.800000000000011,0.7141666666666666,19.055555555555557,False,10,Monday,7,2,1,2,1,7,1,2,2,1,0,2,-2,0,1,-1,0,0,0,2,1,1,1.3690476190476188,0.938095238095238,0.43095238095238086,False,False,True,True,False,True,False,False,0011-0020,28,28,28,0,False,True,546,322,224,white_win,1,0,0
bdac15fa-7a05-11ed-a664-78ac4409ff3c,https://www.chess.com/game/live/64578824913,2022-12,2022,12,1670840736,2022-12-12T10:25:36+00:00,True,chess,rapid,600,600,0,https://www.chess.com/openings/Scotch-Game,C45,Scotch Game,Tirex300,Slick002,546,322,224,46.14,32.01,pgn:1-0 | white:win | black:resigned,Tirex300 won by resignation,20,10,b,black,Bc5,b4c5,False,False,False,False,False,,b4,c5,bishop,r3k2r/p1p1qppp/2p5/3pP3/1b2n1b1/2P2N2/PP2QPPP/RNB2K1R b kq - 0 10,r3k2r/p1p1qppp/2p5/2bpP3/4n1b1/2P2N2/PP2QPPP/RNB2K1R w kq - 1 11,b,kq,-,0,10,50,35,35,0,413.7,370.8,370.8,381.7,10.899999999999977,0.6361666666666667,24.255555555555556,False,10,Monday,7,2,1,2,1,7,1,2,2,1,0,2,-2,0,1,-1,0,0,0,2,1,1,1.3690476190476188,0.938095238095238,0.43095238095238086,False,False,True,True,False,True,False,False,0011-0020,28,28,28,0,False,True,322,546,-224,white_win,1,0,0
bdac15fa-7a05-11ed-a664-78ac4409ff3c,https://www.chess.com/game/live/64578824913,2022-12,2022,12,1670840736,2022-12-12T10:25:36+00:00,True,chess,rapid,600,600,0,https://www.chess.com/openings/Scotch-Game,C45,Scotch Game,Tirex300,Slick002,546,322,224,46.14,32.01,pgn:1-0 | white:win | black:resigned,Tirex300 won by resignation,21,11,w,white,h3,h2h3,False,False,False,False,False,,h2,h3,pawn,r3k2r/p1p1qppp/2p5/2bpP3/4n1b1/2P2N2/PP2QPPP/RNB2K1R w kq - 1 11,r3k2r/p1p1qppp/2p5/2bpP3/4n1b1/2P2N1P/PP2QPP1/RNB2K1R b kq - 0 11,w,kq,-,1,11,35,35,35,0,370.9,370.8,370.9,413.7,42.80000000000001,0.6895,18.630000000000003,False,10,Monday,7,2,1,2,1,7,1,2,2,1,0,2,-2,0,1,-1,0,0,0,2,1,1,1.369047619047619,0.938095238095238,0.4309523809523811,False,False,True,True,False,False,True,False,0021-0030,28,28,28,0,False,True,546,322,224,white_win,1,0,0
bdac15fa-7a05-11ed-a664-78ac4409ff3c,https://www.chess.com/game/live/64578824913,2022-12,2022,12,1670840736,2022-12-12T10:25:36+00:00,True,chess,rapid,600,600,0,https://www.chess.com/openings/Scotch-Game,C45,Scotch Game,Tirex300,Slick002,546,322,224,46.14,32.01,pgn:1-0 | white:win | black:resigned,Tirex300 won by resignation,22,11,b,black,Bxf2,c5f2,True,False,False,False,False,,c5,f2,bishop,r3k2r/p1p1qppp/2p5/2bpP3/4n1b1/2P2N1P/PP2QPP1/RNB2K1R b kq - 0 11,r3k2r/p1p1qppp/2p5/3pP3/4n1b1/2P2N1P/PP2QbP1/RNB2K1R w kq - 0 12,b,kq,-,0,11,49,35,35,0,370.9,355.5,355.5,370.8,15.300000000000011,0.618,22.919999999999998,False,10,Monday,7,2,1,2,1,7,1,2,2,1,0,2,-2,0,1,-1,0,0,0,2,1,1,1.369047619047619,0.938095238095238,0.4309523809523811,False,False,True,True,False,False,True,False,0021-0030,28,28,28,0,False,True,322,546,-224,white_win,1,0,0
bdac15fa-7a05-11ed-a664-78ac4409ff3c,https://www.chess.com/game/live/64578824913,2022-12,2022,12,1670840736,2022-12-12T10:25:36+00:00,True,chess,rapid,600,600,0,https://www.chess.com/openings/Scotch-Game,C45,Scotch Game,Tirex300,Slick002,546,322,224,46.14,32.01,pgn:1-0 | white:win | black:resigned,Tirex300 won by resignation,23,12,w,white,hxg4,h3g4,True,False,False,False,False,,h3,g4,pawn,r3k2r/p1p1qppp/2p5/3pP3/4n1b1/2P2N1P/PP2QbP1/RNB2K1R w kq - 0 12,r3k2r/p1p1qppp/2p5/3pP3/4n1P1/2P2N2/PP2QbP1/RNB2K1R b kq - 0 12,w,kq,-,0,12,36,34,35,-1,355.8,355.5,355.8,370.9,15.099999999999966,0.6181666666666666,20.827272727272728,False,10,Monday,6,2,1,2,1,7,1,2,2,1,0,2,-2,1,1,0,0,0,0,1,1,0,2.1190476190476186,0.938095238095238,1.1809523809523808,False,False,True,True,False,False,True,False,0021-0030,27,28,28,0,False,True,546,322,224,white_win,1,0,0
bdac15fa-7a05-11ed-a664-78ac4409ff3c,https://www.chess.com/game/live/64578824913,2022-12,2022,12,1670840736,2022-12-12T10:25:36+00:00,True,chess,rapid,600,600,0,https://www.chess.com/openings/Scotch-Game,C45,Scotch Game,Tirex300,Slick002,546,322,224,46.14,32.01,pgn:1-0 | white:win | black:resigned,Tirex300 won by resignation,24,12,b,black,g5,g7g5,False,False,False,False,False,,g7,g5,pawn,r3k2r/p1p1qppp/2p5/3pP3/4n1P1/2P2N2/PP2QbP1/RNB2K1R b kq - 0 12,r3k2r/p1p1qp1p/2p5/3pP1p1/4n1P1/2P2N2/PP2QbP1/RNB2K1R w kq - 0 13,b,kq,-,0,12,47,34,32,2,355.8,307.6,307.6,355.5,47.89999999999998,0.5925,22.227272727272727,False,10,Monday,6,2,1,2,1,7,1,1,2,1,2,2,0,3,1,2,0,0,0,1,1,0,1.7857142857142856,0.938095238095238,0.8476190476190476,False,False,True,True,False,False,True,False,0021-0030,26,28,25,3,False,False,322,546,-224,white_win,1,0,0
bdac15fa-7a05-11ed-a664-78ac4409ff3c,https://www.chess.com/game/live/64578824913,2022-12,2022,12,1670840736,2022-12-12T10:25:36+00:00,True,chess,rapid,600,600,0,https://www.chess.com/openings/Scotch-Game,C45,Scotch Game,Tirex300,Slick002,546,322,224,46.14,32.01,pgn:1-0 | white:win | black:resigned,Tirex300 won by resignation,25,13,w,white,a4,a2a4,False,False,False,False,False,,a2,a4,pawn,r3k2r/p1p1qp1p/2p5/3pP1p1/4n1P1/2P2N2/PP2QbP1/RNB2K1R w kq - 0 13,r3k2r/p1p1qp1p/2p5/3pP1p1/P3n1P1/2P2N2/1P2QbP1/RNB2K1R b kq - 0 13,w,kq,g6,0,13,38,34,32,2,338.4,307.6,338.4,355.8,17.400000000000034,0.593,20.349999999999998,False,10,Monday,6,2,1,2,1,7,1,1,2,1,2,2,0,3,1,2,0,0,0,1,1,0,1.7857142857142856,0.938095238095238,0.8476190476190476,False,False,True,True,False,False,True,False,0021-0030,26,28,25,3,False,False,546,322,224,white_win,1,0,0
bdac15fa-7a05-11ed-a664-78ac4409ff3c,https://www.chess.com/game/live/64578824913,2022-12,2022,12,1670840736,2022-12-12T10:25:36+00:00,True,chess,rapid,600,600,0,https://www.chess.com/openings/Scotch-Game,C45,Scotch Game,Tirex300,Slick002,546,322,224,46.14,32.01,pgn:1-0 | white:win | black:resigned,Tirex300 won by resignation,26,13,b,black,O-O,e8g8,False,False,False,True,False,,e8,g8,king,r3k2r/p1p1qp1p/2p5/3pP1p1/P3n1P1/2P2N2/1P2QbP1/RNB2K1R b kq - 0 13,r4rk1/p1p1qp1p/2p5/3pP1p1/P3n1P1/2P2N2/1P2QbP1/RNB2K1R w - - 1 14,b,kq,a3,0,13,42,34,32,2,338.4,303.2,303.2,307.6,4.400000000000034,0.5126666666666667,24.366666666666664,False,10,Monday,6,2,1,2,1,7,1,1,2,1,2,2,0,3,1,2,0,0,0,1,1,0,1.7857142857142856,0.938095238095238,0.8476190476190476,False,False,True,True,False,False,True,False,0021-0030,26,28,25,3,False,False,322,546,-224,white_win,1,0,0
bdac15fa-7a05-11ed-a664-78ac4409ff3c,https://www.chess.com/game/live/64578824913,2022-12,2022,12,1670840736,2022-12-12T10:25:36+00:00,True,chess,rapid,600,600,0,https://www.chess.com/openings/Scotch-Game,C45,Scotch Game,Tirex300,Slick002,546,322,224,46.14,32.01,pgn:1-0 | white:win | black:resigned,Tirex300 won by resignation,27,14,w,white,Nbd2,b1d2,False,False,False,False,False,,b1,d2,knight,r4rk1/p1p1qp1p/2p5/3pP1p1/P3n1P1/2P2N2/1P2QbP1/RNB2K1R w - - 1 14,r4rk1/p1p1qp1p/2p5/3pP1p1/P3n1P1/2P2N2/1P1NQbP1/R1B2K1R b - - 2 14,w,-,-,1,14,39,34,32,2,325.3,303.2,325.3,338.4,13.099999999999966,0.564,20.123076923076926,False,10,Monday,6,2,1,2,1,7,1,1,2,1,2,2,0,3,1,2,0,0,0,1,2,-1,1.7857142857142856,0.938095238095238,0.8476190476190476,False,False,False,False,False,False,True,False,0021-0030,26,28,25,3,False,False,546,322,224,white_win,1,0,0
bdac15fa-7a05-11ed-a664-78ac4409ff3c,https://www.chess.com/game/live/64578824913,2022-12,2022,12,1670840736,2022-12-12T10:25:36+00:00,True,chess,rapid,600,600,0,https://www.chess.com/openings/Scotch-Game,C45,Scotch Game,Tirex300,Slick002,546,322,224,46.14,32.01,pgn:1-0 | white:win | black:resigned,Tirex300 won by resignation,28,14,b,black,f6,f7f6,False,False,False,False,False,,f7,f6,pawn,r4rk1/p1p1qp1p/2p5/3pP1p1/P3n1P1/2P2N2/1P1NQbP1/R1B2K1R b - - 2 14,r4rk1/p1p1q2p/2p2p2/3pP1p1/P3n1P1/2P2N2/1P1NQbP1/R1B2K1R w - - 0 15,b,-,-,2,14,42,34,32,2,325.3,303.1,303.1,303.2,0.0999999999999659,0.5053333333333333,22.83076923076923,False,10,Monday,6,2,1,2,1,7,1,1,2,1,2,2,0,3,1,2,0,0,0,1,2,-1,1.7857142857142856,0.9619047619047617,0.8238095238095239,False,False,False,False,False,False,True,False,0021-0030,26,28,25,3,False,False,322,546,-224,white_win,1,0,0
bdac15fa-7a05-11ed-a664-78ac4409ff3c,https://www.chess.com/game/live/64578824913,2022-12,2022,12,1670840736,2022-12-12T10:25:36+00:00,True,chess,rapid,600,600,0,https://www.chess.com/openings/Scotch-Game,C45,Scotch Game,Tirex300,Slick002,546,322,224,46.14,32.01,pgn:1-0 | white:win | black:resigned,Tirex300 won by resignation,29,15,w,white,Nxe4,d2e4,True,False,False,False,False,,d2,e4,knight,r4rk1/p1p1q2p/2p2p2/3pP1p1/P3n1P1/2P2N2/1P1NQbP1/R1B2K1R w - - 0 15,r4rk1/p1p1q2p/2p2p2/3pP1p1/P3N1P1/2P2N2/1P2QbP1/R1B2K1R b - - 0 15,w,-,-,0,15,36,34,32,2,323.1,303.1,323.1,325.3,2.1999999999999886,0.5421666666666667,19.62142857142857,False,10,Monday,6,2,1,2,1,7,1,1,2,1,2,2,0,3,1,2,0,0,0,1,2,-1,1.7857142857142856,0.9619047619047617,0.8238095238095239,False,False,False,False,False,False,True,False,0021-0030,26,28,25,3,False,False,546,322,224,white_win,1,0,0
bdac15fa-7a05-11ed-a664-78ac4409ff3c,https://www.chess.com/game/live/64578824913,2022-12,2022,12,1670840736,2022-12-12T10:25:36+00:00,True,chess,rapid,600,600,0,https://www.chess.com/openings/Scotch-Game,C45,Scotch Game,Tirex300,Slick002,546,322,224,46.14,32.01,pgn:1-0 | white:win | black:resigned,Tirex300 won by resignation,30,15,b,black,Bb6,f2b6,False,False,False,False,False,,f2,b6,bishop,r4rk1/p1p1q2p/2p2p2/3pP1p1/P3N1P1/2P2N2/1P2QbP1/R1B2K1R b - - 0 15,r4rk1/p1p1q2p/1bp2p2/3pP1p1/P3N1P1/2P2N2/1P2Q1P1/R1B2K1R w - - 1 16,b,-,-,0,15,40,34,29,5,323.1,267.6,267.6,303.1,35.5,0.5051666666666667,21.207142857142856,False,10,Monday,6,2,1,2,1,7,0,1,2,1,2,2,0,3,1,2,0,0,0,1,2,-1,1.4523809523809523,1.0452380952380953,0.40714285714285703,False,False,False,False,False,False,True,False,0021-0030,25,28,22,6,False,False,322,546,-224,white_win,1,0,0
bdac15fa-7a05-11ed-a664-78ac4409ff3c,https://www.chess.com/game/live/64578824913,2022-12,2022,12,1670840736,2022-12-12T10:25:36+00:00,True,chess,rapid,600,600,0,https://www.chess.com/openings/Scotch-Game,C45,Scotch Game,Tirex300,Slick002,546,322,224,46.14,32.01,pgn:1-0 | white:win | black:resigned,Tirex300 won by resignation,31,16,w,white,Rh5,h1h5,False,False,False,False,False,,h1,h5,rook,r4rk1/p1p1q2p/1bp2p2/3pP1p1/P3N1P1/2P2N2/1P2Q1P1/R1B2K1R w - - 1 16,r4rk1/p1p1q2p/1bp2p2/3pP1pR/P3N1P1/2P2N2/1P2Q1P1/R1B2K2 b - - 2 16,w,-,-,1,16,46,34,29,5,296.1,267.6,296.1,323.1,27.0,0.5385000000000001,18.459999999999997,False,10,Monday,6,2,1,2,1,7,0,1,2,1,2,2,0,3,1,2,0,0,0,1,2,-1,0.6523809523809524,1.0452380952380953,-0.3928571428571429,False,False,False,False,False,False,True,False,0031-0040,25,28,22,6,False,False,546,322,224,white_win,1,0,0
bdac15fa-7a05-11ed-a664-78ac4409ff3c,https://www.chess.com/game/live/64578824913,2022-12,2022,12,1670840736,2022-12-12T10:25:36+00:00,True,chess,rapid,600,600,0,https://www.chess.com/openings/Scotch-Game,C45,Scotch Game,Tirex300,Slick002,546,322,224,46.14,32.01,pgn:1-0 | white:win | black:resigned,Tirex300 won by resignation,32,16,b,black,Qxe5,e7e5,True,False,False,False,False,,e7,e5,queen,r4rk1/p1p1q2p/1bp2p2/3pP1pR/P3N1P1/2P2N2/1P2Q1P1/R1B2K2 b - - 2 16,r4rk1/p1p4p/1bp2p2/3pq1pR/P3N1P1/2P2N2/1P2Q1P1/R1B2K2 w - - 0 17,b,-,-,2,16,37,34,29,5,296.1,255.7,255.7,267.6,11.900000000000034,0.44600000000000006,22.16,False,10,Monday,6,2,1,2,1,7,0,1,2,1,2,2,0,3,1,2,0,0,0,1,2,-1,0.6523809523809524,1.2357142857142858,-0.5833333333333334,False,False,False,False,False,False,True,False,0031-0040,25,28,22,6,False,False,322,546,-224,white_win,1,0,0
bdac15fa-7a05-11ed-a664-78ac4409ff3c,https://www.chess.com/game/live/64578824913,2022-12,2022,12,1670840736,2022-12-12T10:25:36+00:00,True,chess,rapid,600,600,0,https://www.chess.com/openings/Scotch-Game,C45,Scotch Game,Tirex300,Slick002,546,322,224,46.14,32.01,pgn:1-0 | white:win | black:resigned,Tirex300 won by resignation,33,17,w,white,Nxe5,f3e5,True,False,False,False,False,,f3,e5,knight,r4rk1/p1p4p/1bp2p2/3pq1pR/P3N1P1/2P2N2/1P2Q1P1/R1B2K2 w - - 0 17,r4rk1/p1p4p/1bp2p2/3pN1pR/P3N1P1/2P5/1P2Q1P1/R1B2K2 b - - 0 17,w,-,-,0,17,45,33,29,4,290.1,255.7,290.1,296.1,6.0,0.49350000000000005,18.99375,False,10,Monday,5,2,1,2,1,7,0,1,2,1,2,2,0,2,1,1,0,0,0,1,2,-1,0.7357142857142858,1.2357142857142858,-0.5,False,False,False,False,False,False,True,False,0031-0040,24,28,22,6,False,False,546,322,224,white_win,1,0,0
b1d65ddb-7a0e-11ed-a664-78ac4409ff3c,https://www.chess.com/game/live/64582945669,2022-12,2022,12,1670844529,2022-12-12T11:28:49+00:00,True,chess,rapid,600,600,0,https://www.chess.com/openings/Kings-Pawn-Opening-Leonardis-Variation-2...Nf6-3.Nf3,C20,Kings Pawn Opening Leonardis Variation 2...Nf6 3.Nf3,IBaldoI-inactive,Tirex300,551,424,127,68.13,64.65,pgn:1-0 | white:win | black:resigned,IBaldoI-inactive won by resignation,1,1,w,white,e4,e2e4,False,False,False,False,False,,e2,e4,pawn,rnbqkbnr/pppppppp/8/8/8/8/PPPPPPPP/RNBQKBNR w KQkq - 0 1,rnbqkbnr/pppppppp/8/8/4P3/8/PPPP1PPP/RNBQKBNR b KQkq - 0 1,w,KQkq,-,0,1,20,39,39,0,596.7,,596.7,600.0,3.2999999999999545,1.0,,False,11,Monday,8,2,2,2,1,8,2,2,2,1,0,0,0,0,0,0,0,0,0,3,3,0,0.9999999999999998,0.9999999999999998,0.0,True,True,True,True,False,True,False,False,0001-0010,32,31,31,0,True,True,551,424,127,white_win,1,0,0
b1d65ddb-7a0e-11ed-a664-78ac4409ff3c,https://www.chess.com/game/live/64582945669,2022-12,2022,12,1670844529,2022-12-12T11:28:49+00:00,True,chess,rapid,600,600,0,https://www.chess.com/openings/Kings-Pawn-Opening-Leonardis-Variation-2...Nf6-3.Nf3,C20,Kings Pawn Opening Leonardis Variation 2...Nf6 3.Nf3,IBaldoI-inactive,Tirex300,551,424,127,68.13,64.65,pgn:1-0 | white:win | black:resigned,IBaldoI-inactive won by resignation,2,1,b,black,e5,e7e5,False,False,False,False,False,,e7,e5,pawn,rnbqkbnr/pppppppp/8/8/4P3/8/PPPP1PPP/RNBQKBNR b KQkq - 0 1,rnbqkbnr/pppp1ppp/8/4p3/4P3/8/PPPP1PPP/RNBQKBNR w KQkq - 0 2,b,KQkq,e3,0,1,20,39,39,0,596.7,596.3,596.3,600.0,3.7000000000000455,1.0,,False,11,Monday,8,2,2,2,1,8,2,2,2,1,0,0,0,0,0,0,0,0,0,2,3,-1,0.9999999999999998,0.9999999999999998,0.0,True,True,True,True,False,True,False,False,0001-0010,32,31,31,0,True,True,424,551,-127,white_win,1,0,0
b1d65ddb-7a0e-11ed-a664-78ac4409ff3c,https://www.chess.com/game/live/64582945669,2022-12,2022,12,1670844529,2022-12-12T11:28:49+00:00,True,chess,rapid,600,600,0,https://www.chess.com/openings/Kings-Pawn-Opening-Leonardis-Variation-2...Nf6-3.Nf3,C20,Kings Pawn Opening Leonardis Variation 2...Nf6 3.Nf3,IBaldoI-inactive,Tirex300,551,424,127,68.13,64.65,pgn:1-0 | white:win | black:resigned,IBaldoI-inactive won by resignation,3,2,w,white,d3,d2d3,False,False,False,False,False,,d2,d3,pawn,rnbqkbnr/pppp1ppp/8/4p3/4P3/8/PPPP1PPP/RNBQKBNR w KQkq - 0 2,rnbqkbnr/pppp1ppp/8/4p3/4P3/3P4/PPP2PPP/RNBQKBNR b KQkq - 0 2,w,KQkq,e6,0,2,29,39,39,0,594.5,596.3,594.5,596.7,2.2000000000000455,0.9945,3.2999999999999545,False,11,Monday,8,2,2,2,1,8,2,2,2,1,0,0,0,0,0,0,0,0,0,2,2,0,0.9999999999999998,0.9999999999999998,0.0,True,True,True,True,False,True,False,False,0001-0010,32,31,31,0,True,True,551,424,127,white_win,1,0,0
b1d65ddb-7a0e-11ed-a664-78ac4409ff3c,https://www.chess.com/game/live/64582945669,2022-12,2022,12,1670844529,2022-12-12T11:28:49+00:00,True,chess,rapid,600,600,0,https://www.chess.com/openings/Kings-Pawn-Opening-Leonardis-Variation-2...Nf6-3.Nf3,C20,Kings Pawn Opening Leonardis Variation 2...Nf6 3.Nf3,IBaldoI-inactive,Tirex300,551,424,127,68.13,64.65,pgn:1-0 | white:win | black:resigned,IBaldoI-inactive won by resignation,4,2,b,black,Nf6,g8f6,False,False,False,False,False,,g8,f6,knight,rnbqkbnr/pppp1ppp/8/4p3/4P3/3P4/PPP2PPP/RNBQKBNR b KQkq - 0 2,rnbqkb1r/pppp1ppp/5n2/4p3/4P3/3P4/PPP2PPP/RNBQKBNR w KQkq - 1 3,b,KQkq,-,0,2,29,39,39,0,594.5,580.2,580.2,596.3,16.09999999999991,0.9938333333333332,3.7000000000000455,False,11,Monday,8,2,2,2,1,8,2,2,2,1,0,0,0,0,0,0,0,0,0,2,2,0,0.9999999999999998,0.9999999999999998,0.0,True,True,True,True,False,True,False,False,0001-0010,32,31,31,0,True,True,424,551,-127,white_win,1,0,0
b1d65ddb-7a0e-11ed-a664-78ac4409ff3c,https://www.chess.com/game/live/64582945669,2022-12,2022,12,1670844529,2022-12-12T11:28:49+00:00,True,chess,rapid,600,600,0,https://www.chess.com/openings/Kings-Pawn-Opening-Leonardis-Variation-2...Nf6-3.Nf3,C20,Kings Pawn Opening Leonardis Variation 2...Nf6 3.Nf3,IBaldoI-inactive,Tirex300,551,424,127,68.13,64.65,pgn:1-0 | white:win | black:resigned,IBaldoI-inactive won by resignation,5,3,w,white,Nf3,g1f3,False,False,False,False,False,,g1,f3,knight,rnbqkb1r/pppp1ppp/5n2/4p3/4P3/3P4/PPP2PPP/RNBQKBNR w KQkq - 1 3,rnbqkb1r/pppp1ppp/5n2/4p3/4P3/3P1N2/PPP2PPP/RNBQKB1R b KQkq - 2 3,w,KQkq,-,1,3,32,39,39,0,593.3,580.2,593.3,594.5,1.2000000000000455,0.9908333333333333,2.75,False,11,Monday,8,2,2,2,1,8,2,2,2,1,0,0,0,0,0,0,0,0,0,2,2,0,1.057142857142857,0.9999999999999998,0.05714285714285716,True,True,True,True,False,True,False,False,0001-0010,32,31,31,0,True,True,551,424,127,white_win,1,0,0
b1d65ddb-7a0e-11ed-a664-78ac4409ff3c,https://www.chess.com/game/live/64582945669,2022-12,2022,12,1670844529,2022-12-12T11:28:49+00:00,True,chess,rapid,600,600,0,https://www.chess.com/openings/Kings-Pawn-Opening-Leonardis-Variation-2...Nf6-3.Nf3,C20,Kings Pawn Opening Leonardis Variation 2...Nf6 3.Nf3,IBaldoI-inactive,Tirex300,551,424,127,68.13,64.65,pgn:1-0 | white:win | black:resigned,IBaldoI-inactive won by resignation,6,3,b,black,d6,d7d6,False,False,False,False,False,,d7,d6,pawn,rnbqkb1r/pppp1ppp/5n2/4p3/4P3/3P1N2/PPP2PPP/RNBQKB1R b KQkq - 2 3,rnbqkb1r/ppp2ppp/3p1n2/4p3/4P3/3P1N2/PPP2PPP/RNBQKB1R w KQkq - 0 4,b,KQkq,-,2,3,27,39,39,0,593.3,557.8,557.8,580.2,22.40000000000009,0.9670000000000001,9.899999999999977,False,11,Monday,8,2,2,2,1,8,2,2,2,1,0,0,0,0,0,0,0,0,0,2,2,0,1.057142857142857,1.057142857142857,0.0,True,True,True,True,False,True,False,False,0001-0010,32,31,31,0,True,True,424,551,-127,white_win,1,0,0
b1d65ddb-7a0e-11ed-a664-78ac4409ff3c,https://www.chess.com/game/live/64582945669,2022-12,2022,12,1670844529,2022-12-12T11:28:49+00:00,True,chess,rapid,600,600,0,https://www.chess.com/openings/Kings-Pawn-Opening-Leonardis-Variation-2...Nf6-3.Nf3,C20,Kings Pawn Opening Leonardis Variation 2...Nf6 3.Nf3,IBaldoI-inactive,Tirex300,551,424,127,68.13,64.65,pgn:1-0 | white:win | black:resigned,IBaldoI-inactive won by resignation,7,4,w,white,d4,d3d4,False,False,False,False,False,,d3,d4,pawn,rnbqkb1r/ppp2ppp/3p1n2/4p3/4P3/3P1N2/PPP2PPP/RNBQKB1R w KQkq - 0 4,rnbqkb1r/ppp2ppp/3p1n2/4p3/3PP3/5N2/PPP2PPP/RNBQKB1R b KQkq - 0 4,w,KQkq,-,0,4,31,39,39,0,588.0,557.8,588.0,593.3,5.2999999999999545,0.9888333333333332,2.2333333333333485,False,11,Monday,8,2,2,2,1,8,2,2,2,1,0,0,0,0,0,0,0,0,0,2,2,0,1.057142857142857,1.057142857142857,0.0,True,True,True,True,False,True,False,False,0001-0010,32,31,31,0,True,True,551,424,127,white_win,1,0,0
b1d65ddb-7a0e-11ed-a664-78ac4409ff3c,https://www.chess.com/game/live/64582945669,2022-12,2022,12,1670844529,2022-12-12T11:28:49+00:00,True,chess,rapid,600,600,0,https://www.chess.com/openings/Kings-Pawn-Opening-Leonardis-Variation-2...Nf6-3.Nf3,C20,Kings Pawn Opening Leonardis Variation 2...Nf6 3.Nf3,IBaldoI-inactive,Tirex300,551,424,127,68.13,64.65,pgn:1-0 | white:win | black:resigned,IBaldoI-inactive won by resignation,8,4,b,black,Bg4,c8g4,False,False,False,False,False,,c8,g4,bishop,rnbqkb1r/ppp2ppp/3p1n2/4p3/3PP3/5N2/PPP2PPP/RNBQKB1R b KQkq - 0 4,rn1qkb1r/ppp2ppp/3p1n2/4p3/3PP1b1/5N2/PPP2PPP/RNBQKB1R w KQkq - 1 5,b,KQkq,-,0,4,32,39,39,0,588.0,527.3,527.3,557.8,30.5,0.9296666666666666,14.066666666666682,False,11,Monday,8,2,2,2,1,8,2,2,2,1,0,0,0,0,0,0,0,0,0,1,2,-1,1.057142857142857,1.057142857142857,0.0,True,True,True,True,False,True,False,False,0001-0010,32,31,31,0,True,True,424,551,-127,white_win,1,0,0
b1d65ddb-7a0e-11ed-a664-78ac4409ff3c,https://www.chess.com/game/live/64582945669,2022-12,2022,12,1670844529,2022-12-12T11:28:49+00:00,True,chess,rapid,600,600,0,https://www.chess.com/openings/Kings-Pawn-Opening-Leonardis-Variation-2...Nf6-3.Nf3,C20,Kings Pawn Opening Leonardis Variation 2...Nf6 3.Nf3,IBaldoI-inactive,Tirex300,551,424,127,68.13,64.65,pgn:1-0 | white:win | black:resigned,IBaldoI-inactive won by resignation,9,5,w,white,dxe5,d4e5,True,False,False,False,False,,d4,e5,pawn,rn1qkb1r/ppp2ppp/3p1n2/4p3/3PP1b1/5N2/PPP2PPP/RNBQKB1R w KQkq - 1 5,rn1qkb1r/ppp2ppp/3p1n2/4P3/4P1b1/5N2/PPP2PPP/RNBQKB1R b KQkq - 0 5,w,KQkq,-,1,5,35,39,39,0,581.1,527.3,581.1,588.0,6.899999999999977,0.98,3.0,False,11,Monday,8,2,2,2,1,8,2,2,2,1,0,0,0,0,0,0,0,0,0,1,2,-1,1.2476190476190474,1.057142857142857,0.19047619047619047,True,True,True,True,False,True,False,False,0001-0010,32,31,31,0,True,True,551,424,127,white_win,1,0,0
b1d65ddb-7a0e-11ed-a664-78ac4409ff3c,https://www.chess.com/game/live/64582945669,2022-12,2022,12,1670844529,2022-12-12T11:28:49+00:00,True,chess,rapid,600,600,0,https://www.chess.com/openings/Kings-Pawn-Opening-Leonardis-Variation-2...Nf6-3.Nf3,C20,Kings Pawn Opening Leonardis Variation 2...Nf6 3.Nf3,IBaldoI-inactive,Tirex300,551,424,127,68.13,64.65,pgn:1-0 | white:win | black:resigned,IBaldoI-inactive won by resignation,10,5,b,black,dxe5,d6e5,True,False,False,False,False,,d6,e5,pawn,rn1qkb1r/ppp2ppp/3p1n2/4P3/4P1b1/5N2/PPP2PPP/RNBQKB1R b KQkq - 0 5,rn1qkb1r/ppp2ppp/5n2/4p3/4P1b1/5N2/PPP2PPP/RNBQKB1R w KQkq - 0 6,b,KQkq,-,0,5,34,39,38,1,581.1,523.8,523.8,527.3,3.5,0.8788333333333332,18.17500000000001,False,11,Monday,8,2,2,2,1,7,2,2,2,1,2,0,2,0,0,0,0,0,0,1,2,-1,1.2476190476190474,1.057142857142857,0.19047619047619047,True,True,True,True,False,True,False,False,0001-0010,31,31,31,0,True,True,424,551,-127,white_win,1,0,0
b1d65ddb-7a0e-11ed-a664-78ac4409ff3c,https://www.chess.com/game/live/64582945669,2022-12,2022,12,1670844529,2022-12-12T11:28:49+00:00,True,chess,rapid,600,600,0,https://www.chess.com/openings/Kings-Pawn-Opening-Leonardis-Variation-2...Nf6-3.Nf3,C20,Kings Pawn Opening Leonardis Variation 2...Nf6 3.Nf3,IBaldoI-inactive,Tirex300,551,424,127,68.13,64.65,pgn:1-0 | white:win | black:resigned,IBaldoI-inactive won by resignation,11,6,w,white,h3,h2h3,False,False,False,False,False,,h2,h3,pawn,rn1qkb1r/ppp2ppp/5n2/4p3/4P1b1/5N2/PPP2PPP/RNBQKB1R w KQkq - 0 6,rn1qkb1r/ppp2ppp/5n2/4p3/4P1b1/5N1P/PPP2PP1/RNBQKB1R b KQkq - 0 6,w,KQkq,-,0,6,38,38,38,0,576.5,523.8,576.5,581.1,4.600000000000023,0.9685,3.7799999999999954,False,11,Monday,7,2,2,2,1,7,2,2,2,1,0,0,0,0,0,0,0,0,0,1,1,0,1.2476190476190474,1.057142857142857,0.19047619047619047,True,True,True,True,False,True,False,False,0011-0020,30,31,31,0,True,True,551,424,127,white_win,1,0,0
b1d65ddb-7a0e-11ed-a664-78ac4409ff3c,https://www.chess.com/game/live/64582945669,2022-12,2022,12,1670844529,2022-12-12T11:28:49+00:00,True,chess,rapid,600,600,0,https://www.chess.com/openings/Kings-Pawn-Opening-Leonardis-Variation-2...Nf6-3.Nf3,C20,Kings Pawn Opening Leonardis Variation 2...Nf6 3.Nf3,IBaldoI-inactive,Tirex300,551,424,127,68.13,64.65,pgn:1-0 | white:win | black:resigned,IBaldoI-inactive won by resignation,12,6,b,black,Bxf3,g4f3,True,False,False,False,False,,g4,f3,bishop,rn1qkb1r/ppp2ppp/5n2/4p3/4P1b1/5N1P/PPP2PP1/RNBQKB1R b KQkq - 0 6,rn1qkb1r/ppp2ppp/5n2/4p3/4P3/5b1P/PPP2PP1/RNBQKB1R w KQkq - 0 7,b,KQkq,-,0,6,41,38,38,0,576.5,503.3,503.3,523.8,20.499999999999943,0.8729999999999999,15.240000000000009,False,11,Monday,7,2,2,2,1,7,2,2,2,1,0,0,0,0,0,0,0,0,0,1,1,0,1.2476190476190474,1.057142857142857,0.19047619047619047,True,True,True,True,False,True,False,False,0011-0020,30,31,31,0,True,True,424,551,-127,white_win,1,0,0
b1d65ddb-7a0e-11ed-a664-78ac4409ff3c,https://www.chess.com/game/live/64582945669,2022-12,2022,12,1670844529,2022-12-12T11:28:49+00:00,True,chess,rapid,600,600,0,https://www.chess.com/openings/Kings-Pawn-Opening-Leonardis-Variation-2...Nf6-3.Nf3,C20,Kings Pawn Opening Leonardis Variation 2...Nf6 3.Nf3,IBaldoI-inactive,Tirex300,551,424,127,68.13,64.65,pgn:1-0 | white:win | black:resigned,IBaldoI-inactive won by resignation,13,7,w,white,gxf3,g2f3,True,False,False,False,False,,g2,f3,pawn,rn1qkb1r/ppp2ppp/5n2/4p3/4P3/5b1P/PPP2PP1/RNBQKB1R w KQkq - 0 7,rn1qkb1r/ppp2ppp/5n2/4p3/4P3/5P1P/PPP2P2/RNBQKB1R b KQkq - 0 7,w,KQkq,-,0,7,34,35,38,-3,574.8,503.3,574.8,576.5,1.7000000000000455,0.9608333333333333,3.9166666666666665,False,11,Monday,7,1,2,2,1,7,2,2,2,1,0,0,0,0,0,0,0,0,0,1,1,0,1.4142857142857141,0.857142857142857,0.5571428571428572,True,True,True,True,False,True,False,False,0011-0020,29,28,31,-3,True,True,551,424,127,white_win,1,0,0
b1d65ddb-7a0e-11ed-a664-78ac4409ff3c,https://www.chess.com/game/live/64582945669,2022-12,2022,12,1670844529,2022-12-12T11:28:49+00:00,True,chess,rapid,600,600,0,https://www.chess.com/openings/Kings-Pawn-Opening-Leonardis-Variation-2...Nf6-3.Nf3,C20,Kings Pawn Opening Leonardis Variation 2...Nf6 3.Nf3,IBaldoI-inactive,Tirex300,551,424,127,68.13,64.65,pgn:1-0 | white:win | black:resigned,IBaldoI-inactive won by resignation,14,7,b,black,Qxd1+,d8d1,True,True,False,False,False,,d8,d1,queen,rn1qkb1r/ppp2ppp/5n2/4p3/4P3/5P1P/PPP2P2/RNBQKB1R b KQkq - 0 7,rn2kb1r/ppp2ppp/5n2/4p3/4P3/5P1P/PPP2P2/RNBqKB1R w KQkq - 0 8,b,KQkq,-,0,7,35,35,35,0,574.8,498.2,498.2,503.3,5.100000000000023,0.8388333333333333,16.116666666666664,False,11,Monday,7,1,2,2,1,7,2,1,2,1,2,0,2,1,0,1,0,0,0,2,1,1,0.9142857142857141,0.857142857142857,0.05714285714285716,True,True,True,True,False,True,False,False,0011-0020,28,28,28,0,True,False,424,551,-127,white_win,1,0,0
b1d65ddb-7a0e-11ed-a664-78ac4409ff3c,https://www.chess.com/game/live/64582945669,2022-12,2022,12,1670844529,2022-12-12T11:28:49+00:00,True,chess,rapid,600,600,0,https://www.chess.com/openings/Kings-Pawn-Opening-Leonardis-Variation-2...Nf6-3.Nf3,C20,Kings Pawn Opening Leonardis Variation 2...Nf6 3.Nf3,IBaldoI-inactive,Tirex300,551,424,127,68.13,64.65,pgn:1-0 | white:win | black:resigned,IBaldoI-inactive won by resignation,15,8,w,white,Kxd1,e1d1,True,False,False,False,False,,e1,d1,king,rn2kb1r/ppp2ppp/5n2/4p3/4P3/5P1P/PPP2P2/RNBqKB1R w KQkq - 0 8,rn2kb1r/ppp2ppp/5n2/4p3/4P3/5P1P/PPP2P2/RNBK1B1R b kq - 0 8,w,KQkq,-,0,8,1,26,35,-9,572.7,498.2,572.7,574.8,2.099999999999909,0.958,3.6000000000000063,False,11,Monday,7,1,2,2,0,7,2,1,2,1,2,0,2,1,0,1,0,0,0,2,1,1,1.7714285714285714,0.7142857142857142,1.0571428571428572,True,True,True,True,True,True,False,False,0011-0020,27,19,28,-9,True,False,551,424,127,white_win,1,0,0
b1d65ddb-7a0e-11ed-a664-78ac4409ff3c,https://www.chess.com/game/live/64582945669,2022-12,2022,12,1670844529,2022-12-12T11:28:49+00:00,True,chess,rapid,600,600,0,https://www.chess.com/openings/Kings-Pawn-Opening-Leonardis-Variation-2...Nf6-3.Nf3,C20,Kings Pawn Opening Leonardis Variation 2...Nf6 3.Nf3,IBaldoI-inactive,Tirex300,551,424,127,68.13,64.65,pgn:1-0 | white:win | black:resigned,IBaldoI-inactive won by resignation,16,8,b,black,Bc5,f8c5,False,False,False,False,False,,f8,c5,bishop,rn2kb1r/ppp2ppp/5n2/4p3/4P3/5P1P/PPP2P2/RNBK1B1R b kq - 0 8,rn2k2r/ppp2ppp/5n2/2b1p3/4P3/5P1P/PPP2P2/RNBK1B1R w kq - 1 9,b,kq,-,0,8,28,26,26,0,572.7,482.3,482.3,498.2,15.899999999999977,0.8303333333333334,14.542857142857144,False,11,Monday,7,1,2,2,0,7,2,1,2,0,2,0,2,1,0,1,0,0,0,1,1,0,0.7714285714285714,0.7142857142857142,0.05714285714285716,False,False,True,True,False,True,False,False,0011-0020,26,19,19,0,True,False,424,551,-127,white_win,1,0,0
b1d65ddb-7a0e-11ed-a664-78ac4409ff3c,https://www.chess.com/game/live/64582945669,2022-12,2022,12,1670844529,2022-12-12T11:28:49+00:00,True,chess,rapid,600,600,0,https://www.chess.com/openings/Kings-Pawn-Opening-Leonardis-Variation-2...Nf6-3.Nf3,C20,Kings Pawn Opening Leonardis Variation 2...Nf6 3.Nf3,IBaldoI-inactive,Tirex300,551,424,127,68.13,64.65,pgn:1-0 | white:win | black:resigned,IBaldoI-inactive won by resignation,17,9,w,white,Be3,c1e3,False,False,False,False,False,,c1,e3,bishop,rn2k2r/ppp2ppp/5n2/2b1p3/4P3/5P1P/PPP2P2/RNBK1B1R w kq - 1 9,rn2k2r/ppp2ppp/5n2/2b1p3/4P3/4BP1P/PPP2P2/RN1K1B1R b kq - 2 9,w,kq,-,1,9,27,26,26,0,565.6,482.3,565.6,572.7,7.100000000000023,0.9545000000000001,3.4124999999999943,False,11,Monday,7,1,2,2,0,7,2,1,2,0,2,0,2,1,0,1,0,0,0,1,1,0,0.8785714285714286,0.7142857142857142,0.16428571428571437,False,False,True,True,False,True,False,False,0011-0020,26,19,19,0,True,False,551,424,127,white_win,1,0,0
b1d65ddb-7a0e-11ed-a664-78ac4409ff3c,https://www.chess.com/game/live/64582945669,2022-12,2022,12,1670844529,2022-12-12T11:28:49+00:00,True,chess,rapid,600,600,0,https://www.chess.com/openings/Kings-Pawn-Opening-Leonardis-Variation-2...Nf6-3.Nf3,C20,Kings Pawn Opening Leonardis Variation 2...Nf6 3.Nf3,IBaldoI-inactive,Tirex300,551,424,127,68.13,64.65,pgn:1-0 | white:win | black:resigned,IBaldoI-inactive won by resignation,18,9,b,black,Na6,b8a6,False,False,False,False,False,,b8,a6,knight,rn2k2r/ppp2ppp/5n2/2b1p3/4P3/4BP1P/PPP2P2/RN1K1B1R b kq - 2 9,r3k2r/ppp2ppp/n4n2/2b1p3/4P3/4BP1P/PPP2P2/RN1K1B1R w kq - 3 10,b,kq,-,2,9,33,26,26,0,565.6,462.2,462.2,482.3,20.100000000000023,0.8038333333333334,14.712499999999999,False,11,Monday,7,1,2,2,0,7,2,1,2,0,2,0,2,1,0,1,0,0,0,1,1,0,0.8785714285714286,0.7714285714285714,0.1071428571428572,False,False,True,True,False,True,False,False,0011-0020,26,19,19,0,True,False,424,551,-127,white_win,1,0,0
b1d65ddb-7a0e-11ed-a664-78ac4409ff3c,https://www.chess.com/game/live/64582945669,2022-12,2022,12,1670844529,2022-12-12T11:28:49+00:00,True,chess,rapid,600,600,0,https://www.chess.com/openings/Kings-Pawn-Opening-Leonardis-Variation-2...Nf6-3.Nf3,C20,Kings Pawn Opening Leonardis Variation 2...Nf6 3.Nf3,IBaldoI-inactive,Tirex300,551,424,127,68.13,64.65,pgn:1-0 | white:win | black:resigned,IBaldoI-inactive won by resignation,19,10,w,white,Nc3,b1c3,False,False,False,False,False,,b1,c3,knight,r3k2r/ppp2ppp/n4n2/2b1p3/4P3/4BP1P/PPP2P2/RN1K1B1R w kq - 3 10,r3k2r/ppp2ppp/n4n2/2b1p3/4P3/2N1BP1P/PPP2P2/R2K1B1R b kq - 4 10,w,kq,-,3,10,30,26,26,0,552.3,462.2,552.3,565.6,13.300000000000068,0.9426666666666667,3.8222222222222197,False,11,Monday,7,1,2,2,0,7,2,1,2,0,2,0,2,1,0,1,0,0,0,1,1,0,0.9357142857142857,0.7714285714285714,0.16428571428571437,False,False,True,True,False,True,False,False,0011-0020,26,19,19,0,True,False,551,424,127,white_win,1,0,0
b1d65ddb-7a0e-11ed-a664-78ac4409ff3c,https://www.chess.com/game/live/64582945669,2022-12,2022,12,1670844529,2022-12-12T11:28:49+00:00,True,chess,rapid,600,600,0,https://www.chess.com/openings/Kings-Pawn-Opening-Leonardis-Variation-2...Nf6-3.Nf3,C20,Kings Pawn Opening Leonardis Variation 2...Nf6 3.Nf3,IBaldoI-inactive,Tirex300,551,424,127,68.13,64.65,pgn:1-0 | white:win | black:resigned,IBaldoI-inactive won by resignation,20,10,b,black,Rd8+,a8d8,False,True,False,False,False,,a8,d8,rook,r3k2r/ppp2ppp/n4n2/2b1p3/4P3/2N1BP1P/PPP2P2/R2K1B1R b kq - 4 10,3rk2r/ppp2ppp/n4n2/2b1p3/4P3/2N1BP1P/PPP2P2/R2K1B1R w k - 5 11,b,kq,-,4,10,34,26,26,0,552.3,445.7,445.7,462.2,16.5,0.7703333333333333,15.311111111111112,False,11,Monday,7,1,2,2,0,7,2,1,2,0,2,0,2,1,0,1,0,0,0,1,1,0,0.9357142857142857,0.8285714285714285,0.1071428571428572,False,False,True,True,False,True,False,False,0011-0020,26,19,19,0,True,False,424,551,-127,white_win,1,0,0
b1d65ddb-7a0e-11ed-a664-78ac4409ff3c,https://www.chess.com/game/live/64582945669,2022-12,2022,12,1670844529,2022-12-12T11:28:49+00:00,True,chess,rapid,600,600,0,https://www.chess.com/openings/Kings-Pawn-Opening-Leonardis-Variation-2...Nf6-3.Nf3,C20,Kings Pawn Opening Leonardis Variation 2...Nf6 3.Nf3,IBaldoI-inactive,Tirex300,551,424,127,68.13,64.65,pgn:1-0 | white:win | black:resigned,IBaldoI-inactive won by resignation,21,11,w,white,Kc1,d1c1,False,False,False,False,False,,d1,c1,king,3rk2r/ppp2ppp/n4n2/2b1p3/4P3/2N1BP1P/PPP2P2/R2K1B1R w k - 5 11,3rk2r/ppp2ppp/n4n2/2b1p3/4P3/2N1BP1P/PPP2P2/R1K2B1R b k - 6 11,w,k,-,5,11,7,26,26,0,543.7,445.7,543.7,552.3,8.599999999999909,0.9204999999999999,4.770000000000005,False,11,Monday,7,1,2,2,0,7,2,1,2,0,2,0,2,1,0,1,0,0,0,1,1,0,0.9357142857142857,0.8285714285714285,0.1071428571428572,False,False,True,False,True,False,True,False,0021-0030,26,19,19,0,True,False,551,424,127,white_win,1,0,0
b1d65ddb-7a0e-11ed-a664-78ac4409ff3c,https://www.chess.com/game/live/64582945669,2022-12,2022,12,1670844529,2022-12-12T11:28:49+00:00,True,chess,rapid,600,600,0,https://www.chess.com/openings/Kings-Pawn-Opening-Leonardis-Variation-2...Nf6-3.Nf3,C20,Kings Pawn Opening Leonardis Variation 2...Nf6 3.Nf3,IBaldoI-inactive,Tirex300,551,424,127,68.13,64.65,pgn:1-0 | white:win | black:resigned,IBaldoI-inactive won by resignation,22,11,b,black,O-O,e8g8,False,False,False,True,False,,e8,g8,king,3rk2r/ppp2ppp/n4n2/2b1p3/4P3/2N1BP1P/PPP2P2/R1K2B1R b k - 6 11,3r1rk1/ppp2ppp/n4n2/2b1p3/4P3/2N1BP1P/PPP2P2/R1K2B1R w - - 7 12,b,k,-,6,11,39,26,26,0,543.7,409.7,409.7,445.7,36.0,0.7428333333333333,15.430000000000001,False,11,Monday,7,1,2,2,0,7,2,1,2,0,2,0,2,1,0,1,0,0,0,2,1,1,0.9357142857142857,0.8285714285714285,0.1071428571428572,False,False,True,False,False,False,True,False,0021-0030,26,19,19,0,True,False,424,551,-127,white_win,1,0,0
b1d65ddb-7a0e-11ed-a664-78ac4409ff3c,https://www.chess.com/game/live/64582945669,2022-12,2022,12,1670844529,2022-12-12T11:28:49+00:00,True,chess,rapid,600,600,0,https://www.chess.com/openings/Kings-Pawn-Opening-Leonardis-Variation-2...Nf6-3.Nf3,C20,Kings Pawn Opening Leonardis Variation 2...Nf6 3.Nf3,IBaldoI-inactive,Tirex300,551,424,127,68.13,64.65,pgn:1-0 | white:win | black:resigned,IBaldoI-inactive won by resignation,23,12,w,white,Nd5,c3d5,False,False,False,False,False,,c3,d5,knight,3r1rk1/ppp2ppp/n4n2/2b1p3/4P3/2N1BP1P/PPP2P2/R1K2B1R w - - 7 12,3r1rk1/ppp2ppp/n4n2/2bNp3/4P3/4BP1P/PPP2P2/R1K2B1R b - - 8 12,w,-,-,7,12,28,26,26,0,531.7,409.7,531.7,543.7,12.0,0.9061666666666668,5.118181818181814,False,11,Monday,7,1,2,2,0,7,2,1,2,0,2,0,2,1,0,1,0,0,0,2,3,-1,0.9357142857142857,0.8285714285714285,0.1071428571428572,False,False,False,False,False,False,True,False,0021-0030,26,19,19,0,True,False,551,424,127,white_win,1,0,0
b1d65ddb-7a0e-11ed-a664-78ac4409ff3c,https://www.chess.com/game/live/64582945669,2022-12,2022,12,1670844529,2022-12-12T11:28:49+00:00,True,chess,rapid,600,600,0,https://www.chess.com/openings/Kings-Pawn-Opening-Leonardis-Variation-2...Nf6-3.Nf3,C20,Kings Pawn Opening Leonardis Variation 2...Nf6 3.Nf3,IBaldoI-inactive,Tirex300,551,424,127,68.13,64.65,pgn:1-0 | white:win | black:resigned,IBaldoI-inactive won by resignation,24,12,b,black,Nxd5,f6d5,True,False,False,False,False,,f6,d5,knight,3r1rk1/ppp2ppp/n4n2/2bNp3/4P3/4BP1P/PPP2P2/R1K2B1R b - - 8 12,3r1rk1/ppp2ppp/n7/2bnp3/4P3/4BP1P/PPP2P2/R1K2B1R w - - 0 13,b,-,-,8,12,31,26,26,0,531.7,392.5,392.5,409.7,17.19999999999999,0.6828333333333333,17.3,False,11,Monday,7,1,2,2,0,7,2,1,2,0,2,0,2,1,0,1,0,0,0,2,3,-1,0.9357142857142857,0.9619047619047618,-0.026190476190476097,False,False,False,False,False,False,True,False,0021-0030,26,19,19,0,True,False,424,551,-127,white_win,1,0,0
b1d65ddb-7a0e-11ed-a664-78ac4409ff3c,https://www.chess.com/game/live/64582945669,2022-12,2022,12,1670844529,2022-12-12T11:28:49+00:00,True,chess,rapid,600,600,0,https://www.chess.com/openings/Kings-Pawn-Opening-Leonardis-Variation-2...Nf6-3.Nf3,C20,Kings Pawn Opening Leonardis Variation 2...Nf6 3.Nf3,IBaldoI-inactive,Tirex300,551,424,127,68.13,64.65,pgn:1-0 | white:win | black:resigned,IBaldoI-inactive won by resignation,25,13,w,white,exd5,e4d5,True,False,False,False,False,,e4,d5,pawn,3r1rk1/ppp2ppp/n7/2bnp3/4P3/4BP1P/PPP2P2/R1K2B1R w - - 0 13,3r1rk1/ppp2ppp/n7/2bPp3/8/4BP1P/PPP2P2/R1K2B1R b - - 0 13,w,-,-,0,13,27,23,26,-3,529.4,392.5,529.4,531.7,2.300000000000068,0.8861666666666668,5.691666666666663,False,11,Monday,7,0,2,2,0,7,2,1,2,0,2,0,2,1,0,1,0,0,0,2,3,-1,0.9857142857142855,0.6285714285714286,0.357142857142857,False,False,False,False,False,False,True,False,0021-0030,25,16,19,-3,True,False,551,424,127,white_win,1,0,0
b1d65ddb-7a0e-11ed-a664-78ac4409ff3c,https://www.chess.com/game/live/64582945669,2022-12,2022,12,1670844529,2022-12-12T11:28:49+00:00,True,chess,rapid,600,600,0,https://www.chess.com/openings/Kings-Pawn-Opening-Leonardis-Variation-2...Nf6-3.Nf3,C20,Kings Pawn Opening Leonardis Variation 2...Nf6 3.Nf3,IBaldoI-inactive,Tirex300,551,424,127,68.13,64.65,pgn:1-0 | white:win | black:resigned,IBaldoI-inactive won by resignation,26,13,b,black,Rxd5,d8d5,True,False,False,False,False,,d8,d5,rook,3r1rk1/ppp2ppp/n7/2bPp3/8/4BP1P/PPP2P2/R1K2B1R b - - 0 13,5rk1/ppp2ppp/n7/2brp3/8/4BP1P/PPP2P2/R1K2B1R w - - 0 14,b,-,-,0,13,28,23,23,0,529.4,391.2,391.2,392.5,1.3000000000000114,0.6541666666666667,17.291666666666668,False,11,Monday,7,0,2,2,0,7,1,1,2,0,2,0,2,3,0,3,0,0,0,2,3,-1,0.7357142857142858,0.6285714285714286,0.1071428571428572,False,False,False,False,False,False,True,False,0021-0030,24,16,16,0,True,False,424,551,-127,white_win,1,0,0
b1d65ddb-7a0e-11ed-a664-78ac4409ff3c,https://www.chess.com/game/live/64582945669,2022-12,2022,12,1670844529,2022-12-12T11:28:49+00:00,True,chess,rapid,600,600,0,https://www.chess.com/openings/Kings-Pawn-Opening-Leonardis-Variation-2...Nf6-3.Nf3,C20,Kings Pawn Opening Leonardis Variation 2...Nf6 3.Nf3,IBaldoI-inactive,Tirex300,551,424,127,68.13,64.65,pgn:1-0 | white:win | black:resigned,IBaldoI-inactive won by resignation,27,14,w,white,f4,f3f4,False,False,False,False,False,,f3,f4,pawn,5rk1/ppp2ppp/n7/2brp3/8/4BP1P/PPP2P2/R1K2B1R w - - 0 14,5rk1/ppp2ppp/n7/2brp3/5P2/4B2P/PPP2P2/R1K2B1R b - - 0 14,w,-,-,0,14,24,22,23,-1,519.4,391.2,519.4,529.4,10.0,0.8823333333333333,5.430769230769233,False,11,Monday,6,0,2,2,0,7,1,1,2,0,2,0,2,3,0,3,0,0,0,2,3,-1,0.8428571428571427,0.6285714285714286,0.2142857142857142,False,False,False,False,False,False,True,False,0021-0030,23,16,16,0,True,False,551,424,127,white_win,1,0,0
b1d65ddb-7a0e-11ed-a664-78ac4409ff3c,https://www.chess.com/game/live/64582945669,2022-12,2022,12,1670844529,2022-12-12T11:28:49+00:00,True,chess,rapid,600,600,0,https://www.chess.com/openings/Kings-Pawn-Opening-Leonardis-Variation-2...Nf6-3.Nf3,C20,Kings Pawn Opening Leonardis Variation 2...Nf6 3.Nf3,IBaldoI-inactive,Tirex300,551,424,127,68.13,64.65,pgn:1-0 | white:win | black:resigned,IBaldoI-inactive won by resignation,28,14,b,black,exf4,e5f4,True,False,False,False,False,,e5,f4,pawn,5rk1/ppp2ppp/n7/2brp3/5P2/4B2P/PPP2P2/R1K2B1R b - - 0 14,5rk1/ppp2ppp/n7/2br4/5p2/4B2P/PPP2P2/R1K2B1R w - - 0 15,b,-,-,0,14,33,22,23,-1,519.4,373.2,373.2,391.2,18.0,0.652,16.06153846153846,False,11,Monday,6,0,2,2,0,7,1,1,2,0,2,0,2,3,0,3,0,0,0,2,3,-1,0.8428571428571427,0.6285714285714286,0.2142857142857142,False,False,False,False,False,False,True,False,0021-0030,23,16,16,0,True,False,424,551,-127,white_win,1,0,0
b1d65ddb-7a0e-11ed-a664-78ac4409ff3c,https://www.chess.com/game/live/64582945669,2022-12,2022,12,1670844529,2022-12-12T11:28:49+00:00,True,chess,rapid,600,600,0,https://www.chess.com/openings/Kings-Pawn-Opening-Leonardis-Variation-2...Nf6-3.Nf3,C20,Kings Pawn Opening Leonardis Variation 2...Nf6 3.Nf3,IBaldoI-inactive,Tirex300,551,424,127,68.13,64.65,pgn:1-0 | white:win | black:resigned,IBaldoI-inactive won by resignation,29,15,w,white,Bxf4,e3f4,True,False,False,False,False,,e3,f4,bishop,5rk1/ppp2ppp/n7/2br4/5p2/4B2P/PPP2P2/R1K2B1R w - - 0 15,5rk1/ppp2ppp/n7/2br4/5B2/7P/PPP2P2/R1K2B1R b - - 0 15,w,-,-,0,15,22,21,23,-2,516.9,373.2,516.9,519.4,2.5,0.8656666666666666,5.757142857142859,False,11,Monday,5,0,2,2,0,7,1,1,2,0,0,2,-2,2,0,2,0,0,0,2,3,-1,0.8428571428571427,0.6285714285714286,0.2142857142857142,False,False,False,False,False,False,True,False,0021-0030,22,16,16,0,True,False,551,424,127,white_win,1,0,0
b1d65ddb-7a0e-11ed-a664-78ac4409ff3c,https://www.chess.com/game/live/64582945669,2022-12,2022,12,1670844529,2022-12-12T11:28:49+00:00,True,chess,rapid,600,600,0,https://www.chess.com/openings/Kings-Pawn-Opening-Leonardis-Variation-2...Nf6-3.Nf3,C20,Kings Pawn Opening Leonardis Variation 2...Nf6 3.Nf3,IBaldoI-inactive,Tirex300,551,424,127,68.13,64.65,pgn:1-0 | white:win | black:resigned,IBaldoI-inactive won by resignation,30,15,b,black,Bxf2,c5f2,True,False,False,False,False,,c5,f2,bishop,5rk1/ppp2ppp/n7/2br4/5B2/7P/PPP2P2/R1K2B1R b - - 0 15,5rk1/ppp2ppp/n7/3r4/5B2/7P/PPP2b2/R1K2B1R w - - 0 16,b,-,-,0,15,36,21,22,-1,516.9,349.4,349.4,373.2,23.80000000000001,0.622,16.2,False,11,Monday,5,0,2,2,0,6,1,1,2,0,0,0,0,2,0,2,0,0,0,2,3,-1,0.8428571428571427,0.6785714285714286,0.16428571428571415,False,False,False,False,False,False,True,False,0021-0030,21,16,16,0,True,False,424,551,-127,white_win,1,0,0
b1d65ddb-7a0e-11ed-a664-78ac4409ff3c,https://www.chess.com/game/live/64582945669,2022-12,2022,12,1670844529,2022-12-12T11:28:49+00:00,True,chess,rapid,600,600,0,https://www.chess.com/openings/Kings-Pawn-Opening-Leonardis-Variation-2...Nf6-3.Nf3,C20,Kings Pawn Opening Leonardis Variation 2...Nf6 3.Nf3,IBaldoI-inactive,Tirex300,551,424,127,68.13,64.65,pgn:1-0 | white:win | black:resigned,IBaldoI-inactive won by resignation,31,16,w,white,Bg2,f1g2,False,False,False,False,False,,f1,g2,bishop,5rk1/ppp2ppp/n7/3r4/5B2/7P/PPP2b2/R1K2B1R w - - 0 16,5rk1/ppp2ppp/n7/3r4/5B2/7P/PPP2bB1/R1K4R b - - 1 16,w,-,-,0,16,26,20,22,-2,511.8,349.4,511.8,516.9,5.099999999999966,0.8614999999999999,5.540000000000002,False,11,Monday,4,0,2,2,0,6,1,1,2,0,0,0,0,1,0,1,0,1,-1,2,3,-1,0.9261904761904762,0.6785714285714286,0.24761904761904763,False,False,False,False,False,False,True,False,0031-0040,20,16,16,0,True,False,551,424,127,white_win,1,0,0
b1d65ddb-7a0e-11ed-a664-78ac4409ff3c,https://www.chess.com/game/live/64582945669,2022-12,2022,12,1670844529,2022-12-12T11:28:49+00:00,True,chess,rapid,600,600,0,https://www.chess.com/openings/Kings-Pawn-Opening-Leonardis-Variation-2...Nf6-3.Nf3,C20,Kings Pawn Opening Leonardis Variation 2...Nf6 3.Nf3,IBaldoI-inactive,Tirex300,551,424,127,68.13,64.65,pgn:1-0 | white:win | black:resigned,IBaldoI-inactive won by resignation,32,16,b,black,Nc5,a6c5,False,False,False,False,False,,a6,c5,knight,5rk1/ppp2ppp/n7/3r4/5B2/7P/PPP2bB1/R1K4R b - - 1 16,5rk1/ppp2ppp/8/2nr4/5B2/7P/PPP2bB1/R1K4R w - - 2 17,b,-,-,1,16,41,20,22,-2,511.8,334.8,334.8,349.4,14.599999999999966,0.5823333333333333,16.706666666666667,False,11,Monday,4,0,2,2,0,6,1,1,2,0,0,0,0,1,0,1,0,1,-1,2,3,-1,0.9261904761904762,0.7023809523809523,0.2238095238095239,False,False,False,False,False,False,True,False,0031-0040,20,16,16,0,True,False,424,551,-127,white_win,1,0,0
b1d65ddb-7a0e-11ed-a664-78ac4409ff3c,https://www.chess.com/game/live/64582945669,2022-12,2022,12,1670844529,2022-12-12T11:28:49+00:00,True,chess,rapid,600,600,0,https://www.chess.com/openings/Kings-Pawn-Opening-Leonardis-Variation-2...Nf6-3.Nf3,C20,Kings Pawn Opening Leonardis Variation 2...Nf6 3.Nf3,IBaldoI-inactive,Tirex300,551,424,127,68.13,64.65,pgn:1-0 | white:win | black:resigned,IBaldoI-inactive won by resignation,33,17,w,white,Bxd5,g2d5,True,False,False,False,False,,g2,d5,bishop,5rk1/ppp2ppp/8/2nr4/5B2/7P/PPP2bB1/R1K4R w - - 2 17,5rk1/ppp2ppp/8/2nB4/5B2/7P/PPP2b2/R1K4R b - - 0 17,w,-,-,2,17,27,20,22,-2,506.3,334.8,506.3,511.8,5.5,0.853,5.512499999999999,False,11,Monday,4,0,2,2,0,6,1,1,2,0,0,0,0,1,0,1,0,1,-1,2,3,-1,0.976190476190476,0.7023809523809523,0.2738095238095237,False,False,False,False,False,False,True,False,0031-0040,20,16,16,0,True,False,551,424,127,white_win,1,0,0
b1d65ddb-7a0e-11ed-a664-78ac4409ff3c,https://www.chess.com/game/live/64582945669,2022-12,2022,12,1670844529,2022-12-12T11:28:49+00:00,True,chess,rapid,600,600,0,https://www.chess.com/openings/Kings-Pawn-Opening-Leonardis-Variation-2...Nf6-3.Nf3,C20,Kings Pawn Opening Leonardis Variation 2...Nf6 3.Nf3,IBaldoI-inactive,Tirex300,551,424,127,68.13,64.65,pgn:1-0 | white:win | black:resigned,IBaldoI-inactive won by resignation,34,17,b,black,Rd8,f8d8,False,False,False,False,False,,f8,d8,rook,5rk1/ppp2ppp/8/2nB4/5B2/7P/PPP2b2/R1K4R b - - 0 17,3r2k1/ppp2ppp/8/2nB4/5B2/7P/PPP2b2/R1K4R w - - 1 18,b,-,-,0,17,28,20,17,3,506.3,297.5,297.5,334.8,37.30000000000001,0.558,16.575,False,11,Monday,4,0,2,2,0,6,1,1,1,0,0,0,0,1,0,1,0,1,-1,2,3,-1,0.726190476190476,0.8690476190476188,-0.1428571428571428,False,False,False,False,False,False,True,False,0031-0040,19,16,11,5,True,False,424,551,-127,white_win,1,0,0
b1d65ddb-7a0e-11ed-a664-78ac4409ff3c,https://www.chess.com/game/live/64582945669,2022-12,2022,12,1670844529,2022-12-12T11:28:49+00:00,True,chess,rapid,600,600,0,https://www.chess.com/openings/Kings-Pawn-Opening-Leonardis-Variation-2...Nf6-3.Nf3,C20,Kings Pawn Opening Leonardis Variation 2...Nf6 3.Nf3,IBaldoI-inactive,Tirex300,551,424,127,68.13,64.65,pgn:1-0 | white:win | black:resigned,IBaldoI-inactive won by resignation,35,18,w,white,Bf3,d5f3,False,False,False,False,False,,d5,f3,bishop,3r2k1/ppp2ppp/8/2nB4/5B2/7P/PPP2b2/R1K4R w - - 1 18,3r2k1/ppp2ppp/8/2n5/5B2/5B1P/PPP2b2/R1K4R b - - 2 18,w,-,-,1,18,34,20,17,3,500.5,297.5,500.5,506.3,5.800000000000011,0.8438333333333333,5.511764705882352,False,11,Monday,4,0,2,2,0,6,1,1,1,0,0,0,0,1,0,1,0,1,-1,2,3,-1,0.726190476190476,0.8690476190476188,-0.1428571428571428,False,False,False,False,False,False,True,False,0031-0040,19,16,11,5,True,False,551,424,127,white_win,1,0,0
b1d65ddb-7a0e-11ed-a664-78ac4409ff3c,https://www.chess.com/game/live/64582945669,2022-12,2022,12,1670844529,2022-12-12T11:28:49+00:00,True,chess,rapid,600,600,0,https://www.chess.com/openings/Kings-Pawn-Opening-Leonardis-Variation-2...Nf6-3.Nf3,C20,Kings Pawn Opening Leonardis Variation 2...Nf6 3.Nf3,IBaldoI-inactive,Tirex300,551,424,127,68.13,64.65,pgn:1-0 | white:win | black:resigned,IBaldoI-inactive won by resignation,36,18,b,black,Rd4,d8d4,False,False,False,False,False,,d8,d4,rook,3r2k1/ppp2ppp/8/2n5/5B2/5B1P/PPP2b2/R1K4R b - - 2 18,6k1/ppp2ppp/8/2n5/3r1B2/5B1P/PPP2b2/R1K4R w - - 3 19,b,-,-,2,18,38,20,17,3,500.5,267.7,267.7,297.5,29.80000000000001,0.49583333333333335,17.794117647058822,False,11,Monday,4,0,2,2,0,6,1,1,1,0,0,0,0,1,0,1,0,1,-1,2,3,-1,0.726190476190476,0.7357142857142858,-0.009523809523809712,False,False,False,False,False,False,True,False,0031-0040,19,16,11,5,True,False,424,551,-127,white_win,1,0,0
b1d65ddb-7a0e-11ed-a664-78ac4409ff3c,https://www.chess.com/game/live/64582945669,2022-12,2022,12,1670844529,2022-12-12T11:28:49+00:00,True,chess,rapid,600,600,0,https://www.chess.com/openings/Kings-Pawn-Opening-Leonardis-Variation-2...Nf6-3.Nf3,C20,Kings Pawn Opening Leonardis Variation 2...Nf6 3.Nf3,IBaldoI-inactive,Tirex300,551,424,127,68.13,64.65,pgn:1-0 | white:win | black:resigned,IBaldoI-inactive won by resignation,37,19,w,white,Be5,f4e5,False,False,False,False,False,,f4,e5,bishop,6k1/ppp2ppp/8/2n5/3r1B2/5B1P/PPP2b2/R1K4R w - - 3 19,6k1/ppp2ppp/8/2n1B3/3r4/5B1P/PPP2b2/R1K4R b - - 4 19,w,-,-,3,19,32,20,17,3,486.4,267.7,486.4,500.5,14.100000000000023,0.8341666666666666,5.527777777777778,False,11,Monday,4,0,2,2,0,6,1,1,1,0,0,0,0,1,0,1,0,1,-1,2,3,-1,0.9166666666666665,0.7357142857142858,0.18095238095238075,False,False,False,False,False,False,True,False,0031-0040,19,16,11,5,True,False,551,424,127,white_win,1,0,0
b1d65ddb-7a0e-11ed-a664-78ac4409ff3c,https://www.chess.com/game/live/64582945669,2022-12,2022,12,1670844529,2022-12-12T11:28:49+00:00,True,chess,rapid,600,600,0,https://www.chess.com/openings/Kings-Pawn-Opening-Leonardis-Variation-2...Nf6-3.Nf3,C20,Kings Pawn Opening Leonardis Variation 2...Nf6 3.Nf3,IBaldoI-inactive,Tirex300,551,424,127,68.13,64.65,pgn:1-0 | white:win | black:resigned,IBaldoI-inactive won by resignation,38,19,b,black,Be3+,f2e3,False,True,False,False,False,,f2,e3,bishop,6k1/ppp2ppp/8/2n1B3/3r4/5B1P/PPP2b2/R1K4R b - - 4 19,6k1/ppp2ppp/8/2n1B3/3r4/4bB1P/PPP5/R1K4R w - - 5 20,b,-,-,4,19,39,20,17,3,486.4,245.5,245.5,267.7,22.19999999999999,0.44616666666666666,18.461111111111112,False,11,Monday,4,0,2,2,0,6,1,1,1,0,0,0,0,1,0,1,0,1,-1,2,3,-1,0.9166666666666665,0.819047619047619,0.0976190476190475,False,False,False,False,False,False,True,False,0031-0040,19,16,11,5,True,False,424,551,-127,white_win,1,0,0
b1d65ddb-7a0e-11ed-a664-78ac4409ff3c,https://www.chess.com/game/live/64582945669,2022-12,2022,12,1670844529,2022-12-12T11:28:49+00:00,True,chess,rapid,600,600,0,https://www.chess.com/openings/Kings-Pawn-Opening-Leonardis-Variation-2...Nf6-3.Nf3,C20,Kings Pawn Opening Leonardis Variation 2...Nf6 3.Nf3,IBaldoI-inactive,Tirex300,551,424,127,68.13,64.65,pgn:1-0 | white:win | black:resigned,IBaldoI-inactive won by resignation,39,20,w,white,Kb1,c1b1,False,False,False,False,False,,c1,b1,king,6k1/ppp2ppp/8/2n1B3/3r4/4bB1P/PPP5/R1K4R w - - 5 20,6k1/ppp2ppp/8/2n1B3/3r4/4bB1P/PPP5/RK5R b - - 6 20,w,-,-,5,20,1,20,17,3,457.3,245.5,457.3,486.4,29.099999999999966,0.8106666666666666,5.9789473684210535,False,11,Monday,4,0,2,2,0,6,1,1,1,0,0,0,0,1,0,1,0,1,-1,2,3,-1,1.0833333333333333,0.819047619047619,0.26428571428571423,False,False,False,False,True,False,True,False,0031-0040,19,16,11,5,True,False,551,424,127,white_win,1,0,0
b1d65ddb-7a0e-11ed-a664-78ac4409ff3c,https://www.chess.com/game/live/64582945669,2022-12,2022,12,1670844529,2022-12-12T11:28:49+00:00,True,chess,rapid,600,600,0,https://www.chess.com/openings/Kings-Pawn-Opening-Leonardis-Variation-2...Nf6-3.Nf3,C20,Kings Pawn Opening Leonardis Variation 2...Nf6 3.Nf3,IBaldoI-inactive,Tirex300,551,424,127,68.13,64.65,pgn:1-0 | white:win | black:resigned,IBaldoI-inactive won by resignation,40,20,b,black,Rd2,d4d2,False,False,False,False,False,,d4,d2,rook,6k1/ppp2ppp/8/2n1B3/3r4/4bB1P/PPP5/RK5R b - - 6 20,6k1/ppp2ppp/8/2n1B3/8/4bB1P/PPPr4/RK5R w - - 7 21,b,-,-,6,20,41,20,17,3,457.3,193.9,193.9,245.5,51.599999999999994,0.4091666666666667,18.657894736842106,False,11,Monday,4,0,2,2,0,6,1,1,1,0,0,0,0,1,0,1,0,1,-1,3,3,0,0.9166666666666665,0.819047619047619,0.0976190476190475,False,False,False,False,False,False,True,False,0031-0040,19,16,11,5,True,False,424,551,-127,white_win,1,0,0
b1d65ddb-7a0e-11ed-a664-78ac4409ff3c,https://www.chess.com/game/live/64582945669,2022-12,2022,12,1670844529,2022-12-12T11:28:49+00:00,True,chess,rapid,600,600,0,https://www.chess.com/openings/Kings-Pawn-Opening-Leonardis-Variation-2...Nf6-3.Nf3,C20,Kings Pawn Opening Leonardis Variation 2...Nf6 3.Nf3,IBaldoI-inactive,Tirex300,551,424,127,68.13,64.65,pgn:1-0 | white:win | black:resigned,IBaldoI-inactive won by resignation,41,21,w,white,Re1,h1e1,False,False,False,False,False,,h1,e1,rook,6k1/ppp2ppp/8/2n1B3/8/4bB1P/PPPr4/RK5R w - - 7 21,6k1/ppp2ppp/8/2n1B3/8/4bB1P/PPPr4/RK2R3 b - - 8 21,w,-,-,7,21,32,20,17,3,445.8,193.9,445.8,457.3,11.5,0.7621666666666667,7.135,False,11,Monday,4,0,2,2,0,6,1,1,1,0,0,0,0,1,0,1,0,1,-1,3,3,0,1.0833333333333333,0.819047619047619,0.26428571428571423,False,False,False,False,False,False,True,False,0041-0050,19,16,11,5,True,False,551,424,127,white_win,1,0,0
b1d65ddb-7a0e-11ed-a664-78ac4409ff3c,https://www.chess.com/game/live/64582945669,2022-12,2022,12,1670844529,2022-12-12T11:28:49+00:00,True,chess,rapid,600,600,0,https://www.chess.com/openings/Kings-Pawn-Opening-Leonardis-Variation-2...Nf6-3.Nf3,C20,Kings Pawn Opening Leonardis Variation 2...Nf6 3.Nf3,IBaldoI-inactive,Tirex300,551,424,127,68.13,64.65,pgn:1-0 | white:win | black:resigned,IBaldoI-inactive won by resignation,42,21,b,black,Bf4,e3f4,False,False,False,False,False,,e3,f4,bishop,6k1/ppp2ppp/8/2n1B3/8/4bB1P/PPPr4/RK2R3 b - - 8 21,6k1/ppp2ppp/8/2n1B3/5b2/5B1P/PPPr4/RK2R3 w - - 9 22,b,-,-,8,21,38,20,17,3,445.8,168.2,168.2,193.9,25.700000000000017,0.32316666666666666,20.305,False,11,Monday,4,0,2,2,0,6,1,1,1,0,0,0,0,1,0,1,0,1,-1,3,3,0,1.0833333333333333,0.819047619047619,0.26428571428571423,False,False,False,False,False,False,True,False,0041-0050,19,16,11,5,True,False,424,551,-127,white_win,1,0,0
b1d65ddb-7a0e-11ed-a664-78ac4409ff3c,https://www.chess.com/game/live/64582945669,2022-12,2022,12,1670844529,2022-12-12T11:28:49+00:00,True,chess,rapid,600,600,0,https://www.chess.com/openings/Kings-Pawn-Opening-Leonardis-Variation-2...Nf6-3.Nf3,C20,Kings Pawn Opening Leonardis Variation 2...Nf6 3.Nf3,IBaldoI-inactive,Tirex300,551,424,127,68.13,64.65,pgn:1-0 | white:win | black:resigned,IBaldoI-inactive won by resignation,43,22,w,white,Bxc7,e5c7,True,False,False,False,False,,e5,c7,bishop,6k1/ppp2ppp/8/2n1B3/5b2/5B1P/PPPr4/RK2R3 w - - 9 22,6k1/ppB2ppp/8/2n5/5b2/5B1P/PPPr4/RK2R3 b - - 0 22,w,-,-,9,22,33,20,17,3,439.1,168.2,439.1,445.8,6.699999999999989,0.743,7.3428571428571425,False,11,Monday,4,0,2,2,0,6,1,1,1,0,0,0,0,1,0,1,0,1,-1,3,3,0,1.0,0.819047619047619,0.18095238095238098,False,False,False,False,False,False,True,False,0041-0050,19,16,11,5,True,False,551,424,127,white_win,1,0,0
8d807ffe-7aed-11ed-a664-78ac4409ff3c,https://www.chess.com/game/live/64678466925,2022-12,2022,12,1670939703,2022-12-13T13:55:03+00:00,True,chess,rapid,600,600,0,https://www.chess.com/openings/Kings-Pawn-Opening-Kings-Knight-Variation,C40,Kings Pawn Opening Kings Knight Variation,Tirex300,Dh3van,508,394,114,,,pgn:1-0 | white:win | black:resigned,Tirex300 won by resignation,1,1,w,white,e4,e2e4,False,False,False,False,False,,e2,e4,pawn,rnbqkbnr/pppppppp/8/8/8/8/PPPPPPPP/RNBQKBNR w KQkq - 0 1,rnbqkbnr/pppppppp/8/8/4P3/8/PPPP1PPP/RNBQKBNR b KQkq - 0 1,w,KQkq,-,0,1,20,39,39,0,598.5,,598.5,600.0,1.5,1.0,,False,13,Tuesday,8,2,2,2,1,8,2,2,2,1,0,0,0,0,0,0,0,0,0,3,3,0,0.9999999999999998,0.9999999999999998,0.0,True,True,True,True,False,True,False,False,0001-0010,32,31,31,0,True,True,508,394,114,white_win,1,0,0
8d807ffe-7aed-11ed-a664-78ac4409ff3c,https://www.chess.com/game/live/64678466925,2022-12,2022,12,1670939703,2022-12-13T13:55:03+00:00,True,chess,rapid,600,600,0,https://www.chess.com/openings/Kings-Pawn-Opening-Kings-Knight-Variation,C40,Kings Pawn Opening Kings Knight Variation,Tirex300,Dh3van,508,394,114,,,pgn:1-0 | white:win | black:resigned,Tirex300 won by resignation,2,1,b,black,e5,e7e5,False,False,False,False,False,,e7,e5,pawn,rnbqkbnr/pppppppp/8/8/4P3/8/PPPP1PPP/RNBQKBNR b KQkq - 0 1,rnbqkbnr/pppp1ppp/8/4p3/4P3/8/PPPP1PPP/RNBQKBNR w KQkq - 0 2,b,KQkq,e3,0,1,20,39,39,0,598.5,598.7,598.7,600.0,1.2999999999999545,1.0,,False,13,Tuesday,8,2,2,2,1,8,2,2,2,1,0,0,0,0,0,0,0,0,0,2,3,-1,0.9999999999999998,0.9999999999999998,0.0,True,True,True,True,False,True,False,False,0001-0010,32,31,31,0,True,True,394,508,-114,white_win,1,0,0
8d807ffe-7aed-11ed-a664-78ac4409ff3c,https://www.chess.com/game/live/64678466925,2022-12,2022,12,1670939703,2022-12-13T13:55:03+00:00,True,chess,rapid,600,600,0,https://www.chess.com/openings/Kings-Pawn-Opening-Kings-Knight-Variation,C40,Kings Pawn Opening Kings Knight Variation,Tirex300,Dh3van,508,394,114,,,pgn:1-0 | white:win | black:resigned,Tirex300 won by resignation,3,2,w,white,Nf3,g1f3,False,False,False,False,False,,g1,f3,knight,rnbqkbnr/pppp1ppp/8/4p3/4P3/8/PPPP1PPP/RNBQKBNR w KQkq - 0 2,rnbqkbnr/pppp1ppp/8/4p3/4P3/5N2/PPPP1PPP/RNBQKB1R b KQkq - 1 2,w,KQkq,e6,0,2,29,39,39,0,594.4,598.7,594.4,598.5,4.100000000000023,0.9975,1.5,False,13,Tuesday,8,2,2,2,1,8,2,2,2,1,0,0,0,0,0,0,0,0,0,2,2,0,0.9999999999999998,0.9999999999999998,0.0,True,True,True,True,False,True,False,False,0001-0010,32,31,31,0,True,True,508,394,114,white_win,1,0,0
8d807ffe-7aed-11ed-a664-78ac4409ff3c,https://www.chess.com/game/live/64678466925,2022-12,2022,12,1670939703,2022-12-13T13:55:03+00:00,True,chess,rapid,600,600,0,https://www.chess.com/openings/Kings-Pawn-Opening-Kings-Knight-Variation,C40,Kings Pawn Opening Kings Knight Variation,Tirex300,Dh3van,508,394,114,,,pgn:1-0 | white:win | black:resigned,Tirex300 won by resignation,4,2,b,black,Bb4,f8b4,False,False,False,False,False,,f8,b4,bishop,rnbqkbnr/pppp1ppp/8/4p3/4P3/5N2/PPPP1PPP/RNBQKB1R b KQkq - 1 2,rnbqk1nr/pppp1ppp/8/4p3/1b2P3/5N2/PPPP1PPP/RNBQKB1R w KQkq - 2 3,b,KQkq,-,1,2,29,39,39,0,594.4,596.2,596.2,598.7,2.5,0.9978333333333335,1.2999999999999545,False,13,Tuesday,8,2,2,2,1,8,2,2,2,1,0,0,0,0,0,0,0,0,0,2,2,0,0.9999999999999998,1.057142857142857,-0.05714285714285716,True,True,True,True,False,True,False,False,0001-0010,32,31,31,0,True,True,394,508,-114,white_win,1,0,0
8d807ffe-7aed-11ed-a664-78ac4409ff3c,https://www.chess.com/game/live/64678466925,2022-12,2022,12,1670939703,2022-12-13T13:55:03+00:00,True,chess,rapid,600,600,0,https://www.chess.com/openings/Kings-Pawn-Opening-Kings-Knight-Variation,C40,Kings Pawn Opening Kings Knight Variation,Tirex300,Dh3van,508,394,114,,,pgn:1-0 | white:win | black:resigned,Tirex300 won by resignation,5,3,w,white,Nxe5,f3e5,True,False,False,False,False,,f3,e5,knight,rnbqk1nr/pppp1ppp/8/4p3/1b2P3/5N2/PPPP1PPP/RNBQKB1R w KQkq - 2 3,rnbqk1nr/pppp1ppp/8/4N3/1b2P3/8/PPPP1PPP/RNBQKB1R b KQkq - 0 3,w,KQkq,-,2,3,24,39,39,0,585.1,596.2,585.1,594.4,9.299999999999955,0.9906666666666666,2.8000000000000114,False,13,Tuesday,8,2,2,2,1,8,2,2,2,1,0,0,0,0,0,0,0,0,0,2,2,0,1.1904761904761902,1.057142857142857,0.1333333333333333,True,True,True,True,False,True,False,False,0001-0010,32,31,31,0,True,True,508,394,114,white_win,1,0,0
8d807ffe-7aed-11ed-a664-78ac4409ff3c,https://www.chess.com/game/live/64678466925,2022-12,2022,12,1670939703,2022-12-13T13:55:03+00:00,True,chess,rapid,600,600,0,https://www.chess.com/openings/Kings-Pawn-Opening-Kings-Knight-Variation,C40,Kings Pawn Opening Kings Knight Variation,Tirex300,Dh3van,508,394,114,,,pgn:1-0 | white:win | black:resigned,Tirex300 won by resignation,6,3,b,black,Qh4,d8h4,False,False,False,False,False,,d8,h4,queen,rnbqk1nr/pppp1ppp/8/4N3/1b2P3/8/PPPP1PPP/RNBQKB1R b KQkq - 0 3,rnb1k1nr/pppp1ppp/8/4N3/1b2P2q/8/PPPP1PPP/RNBQKB1R w KQkq - 1 4,b,KQkq,-,0,3,33,39,38,1,585.1,591.3,591.3,596.2,4.900000000000091,0.9936666666666667,1.8999999999999773,False,13,Tuesday,8,2,2,2,1,7,2,2,2,1,0,0,0,0,0,0,0,0,0,2,2,0,1.1904761904761902,1.1904761904761902,0.0,True,True,True,True,False,True,False,False,0001-0010,31,31,31,0,True,True,394,508,-114,white_win,1,0,0
8d807ffe-7aed-11ed-a664-78ac4409ff3c,https://www.chess.com/game/live/64678466925,2022-12,2022,12,1670939703,2022-12-13T13:55:03+00:00,True,chess,rapid,600,600,0,https://www.chess.com/openings/Kings-Pawn-Opening-Kings-Knight-Variation,C40,Kings Pawn Opening Kings Knight Variation,Tirex300,Dh3van,508,394,114,,,pgn:1-0 | white:win | black:resigned,Tirex300 won by resignation,7,4,w,white,Nxf7,e5f7,True,False,False,False,False,,e5,f7,knight,rnb1k1nr/pppp1ppp/8/4N3/1b2P2q/8/PPPP1PPP/RNBQKB1R w KQkq - 1 4,rnb1k1nr/pppp1Npp/8/8/1b2P2q/8/PPPP1PPP/RNBQKB1R b KQkq - 0 4,w,KQkq,-,1,4,29,39,38,1,568.6,591.3,568.6,585.1,16.5,0.9751666666666667,4.966666666666659,False,13,Tuesday,8,2,2,2,1,7,2,2,2,1,0,0,0,0,0,0,0,0,0,2,2,0,1.3809523809523807,1.1904761904761902,0.19047619047619047,True,True,True,True,False,True,False,False,0001-0010,31,31,31,0,True,True,508,394,114,white_win,1,0,0
8d807ffe-7aed-11ed-a664-78ac4409ff3c,https://www.chess.com/game/live/64678466925,2022-12,2022,12,1670939703,2022-12-13T13:55:03+00:00,True,chess,rapid,600,600,0,https://www.chess.com/openings/Kings-Pawn-Opening-Kings-Knight-Variation,C40,Kings Pawn Opening Kings Knight Variation,Tirex300,Dh3van,508,394,114,,,pgn:1-0 | white:win | black:resigned,Tirex300 won by resignation,8,4,b,black,Qxf2+,h4f2,True,True,False,False,False,,h4,f2,queen,rnb1k1nr/pppp1Npp/8/8/1b2P2q/8/PPPP1PPP/RNBQKB1R b KQkq - 0 4,rnb1k1nr/pppp1Npp/8/8/1b2P3/8/PPPP1qPP/RNBQKB1R w KQkq - 0 5,b,KQkq,-,0,4,41,39,37,2,568.6,589.4,589.4,591.3,1.8999999999999773,0.9854999999999999,2.900000000000015,False,13,Tuesday,8,2,2,2,1,6,2,2,2,1,0,0,0,0,0,0,0,0,0,2,1,1,1.3809523809523807,1.8571428571428568,-0.47619047619047605,True,True,True,True,False,True,False,False,0001-0010,30,31,31,0,True,True,394,508,-114,white_win,1,0,0
8d807ffe-7aed-11ed-a664-78ac4409ff3c,https://www.chess.com/game/live/64678466925,2022-12,2022,12,1670939703,2022-12-13T13:55:03+00:00,True,chess,rapid,600,600,0,https://www.chess.com/openings/Kings-Pawn-Opening-Kings-Knight-Variation,C40,Kings Pawn Opening Kings Knight Variation,Tirex300,Dh3van,508,394,114,,,pgn:1-0 | white:win | black:resigned,Tirex300 won by resignation,9,5,w,white,Kxf2,e1f2,True,False,False,False,False,,e1,f2,king,rnb1k1nr/pppp1Npp/8/8/1b2P3/8/PPPP1qPP/RNBQKB1R w KQkq - 0 5,rnb1k1nr/pppp1Npp/8/8/1b2P3/8/PPPP1KPP/RNBQ1B1R b kq - 0 5,w,KQkq,-,0,5,1,38,37,1,559.6,589.4,559.6,568.6,9.0,0.9476666666666667,7.849999999999994,False,13,Tuesday,7,2,2,2,1,6,2,2,2,1,0,0,0,0,0,0,0,0,0,1,1,0,2.0476190476190474,1.8571428571428568,0.1904761904761907,True,True,True,True,True,True,False,False,0001-0010,29,31,31,0,True,True,508,394,114,white_win,1,0,0
c9e74cd6-7aed-11ed-a664-78ac4409ff3c,https://www.chess.com/game/live/64678900987,2022-12,2022,12,1670940648,2022-12-13T14:10:48+00:00,True,chess,rapid,600,600,0,https://www.chess.com/openings/Van-t-Kruijs-Opening-1...e5,A00,Van t Kruijs Opening 1...e5,Vagelas123,Tirex300,578,448,130,,,pgn:1-0 | white:win | black:checkmated,Vagelas123 won by checkmate,1,1,w,white,e3,e2e3,False,False,False,False,False,,e2,e3,pawn,rnbqkbnr/pppppppp/8/8/8/8/PPPPPPPP/RNBQKBNR w KQkq - 0 1,rnbqkbnr/pppppppp/8/8/8/4P3/PPPP1PPP/RNBQKBNR b KQkq - 0 1,w,KQkq,-,0,1,20,39,39,0,599.3,,599.3,600.0,0.7000000000000455,1.0,,False,14,Tuesday,8,2,2,2,1,8,2,2,2,1,0,0,0,0,0,0,0,0,0,3,3,0,0.9999999999999998,0.9999999999999998,0.0,True,True,True,True,False,True,False,False,0001-0010,32,31,31,0,True,True,578,448,130,white_win,1,0,0
c9e74cd6-7aed-11ed-a664-78ac4409ff3c,https://www.chess.com/game/live/64678900987,2022-12,2022,12,1670940648,2022-12-13T14:10:48+00:00,True,chess,rapid,600,600,0,https://www.chess.com/openings/Van-t-Kruijs-Opening-1...e5,A00,Van t Kruijs Opening 1...e5,Vagelas123,Tirex300,578,448,130,,,pgn:1-0 | white:win | black:checkmated,Vagelas123 won by checkmate,2,1,b,black,e5,e7e5,False,False,False,False,False,,e7,e5,pawn,rnbqkbnr/pppppppp/8/8/8/4P3/PPPP1PPP/RNBQKBNR b KQkq - 0 1,rnbqkbnr/pppp1ppp/8/4p3/8/4P3/PPPP1PPP/RNBQKBNR w KQkq - 0 2,b,KQkq,-,0,1,20,39,39,0,599.3,592.2,592.2,600.0,7.7999999999999545,1.0,,False,14,Tuesday,8,2,2,2,1,8,2,2,2,1,0,0,0,0,0,0,0,0,0,3,3,0,0.9999999999999998,0.9999999999999998,0.0,True,True,True,True,False,True,False,False,0001-0010,32,31,31,0,True,True,448,578,-130,white_win,1,0,0
c9e74cd6-7aed-11ed-a664-78ac4409ff3c,https://www.chess.com/game/live/64678900987,2022-12,2022,12,1670940648,2022-12-13T14:10:48+00:00,True,chess,rapid,600,600,0,https://www.chess.com/openings/Van-t-Kruijs-Opening-1...e5,A00,Van t Kruijs Opening 1...e5,Vagelas123,Tirex300,578,448,130,,,pgn:1-0 | white:win | black:checkmated,Vagelas123 won by checkmate,3,2,w,white,c3,c2c3,False,False,False,False,False,,c2,c3,pawn,rnbqkbnr/pppp1ppp/8/4p3/8/4P3/PPPP1PPP/RNBQKBNR w KQkq - 0 2,rnbqkbnr/pppp1ppp/8/4p3/8/2P1P3/PP1P1PPP/RNBQKBNR b KQkq - 0 2,w,KQkq,e6,0,2,30,39,39,0,597.5,592.2,597.5,599.3,1.7999999999999545,0.9988333333333332,0.7000000000000455,False,14,Tuesday,8,2,2,2,1,8,2,2,2,1,0,0,0,0,0,0,0,0,0,3,2,1,0.9999999999999998,0.9999999999999998,0.0,True,True,True,True,False,True,False,False,0001-0010,32,31,31,0,True,True,578,448,130,white_win,1,0,0
c9e74cd6-7aed-11ed-a664-78ac4409ff3c,https://www.chess.com/game/live/64678900987,2022-12,2022,12,1670940648,2022-12-13T14:10:48+00:00,True,chess,rapid,600,600,0,https://www.chess.com/openings/Van-t-Kruijs-Opening-1...e5,A00,Van t Kruijs Opening 1...e5,Vagelas123,Tirex300,578,448,130,,,pgn:1-0 | white:win | black:checkmated,Vagelas123 won by checkmate,4,2,b,black,Nc6,b8c6,False,False,False,False,False,,b8,c6,knight,rnbqkbnr/pppp1ppp/8/4p3/8/2P1P3/PP1P1PPP/RNBQKBNR b KQkq - 0 2,r1bqkbnr/pppp1ppp/2n5/4p3/8/2P1P3/PP1P1PPP/RNBQKBNR w KQkq - 1 3,b,KQkq,-,0,2,30,39,39,0,597.5,584.8,584.8,592.2,7.400000000000091,0.9870000000000001,7.7999999999999545,False,14,Tuesday,8,2,2,2,1,8,2,2,2,1,0,0,0,0,0,0,0,0,0,3,2,1,0.9999999999999998,0.9999999999999998,0.0,True,True,True,True,False,True,False,False,0001-0010,32,31,31,0,True,True,448,578,-130,white_win,1,0,0
c9e74cd6-7aed-11ed-a664-78ac4409ff3c,https://www.chess.com/game/live/64678900987,2022-12,2022,12,1670940648,2022-12-13T14:10:48+00:00,True,chess,rapid,600,600,0,https://www.chess.com/openings/Van-t-Kruijs-Opening-1...e5,A00,Van t Kruijs Opening 1...e5,Vagelas123,Tirex300,578,448,130,,,pgn:1-0 | white:win | black:checkmated,Vagelas123 won by checkmate,5,3,w,white,Bb5,f1b5,False,False,False,False,False,,f1,b5,bishop,r1bqkbnr/pppp1ppp/2n5/4p3/8/2P1P3/PP1P1PPP/RNBQKBNR w KQkq - 1 3,r1bqkbnr/pppp1ppp/2n5/1B2p3/8/2P1P3/PP1P1PPP/RNBQK1NR b KQkq - 2 3,w,KQkq,-,1,3,31,39,39,0,579.0,584.8,579.0,597.5,18.5,0.9958333333333333,1.25,False,14,Tuesday,8,2,2,2,1,8,2,2,2,1,0,0,0,0,0,0,0,0,0,3,2,1,1.057142857142857,0.9999999999999998,0.05714285714285716,True,True,True,True,False,True,False,False,0001-0010,32,31,31,0,True,True,578,448,130,white_win,1,0,0
c9e74cd6-7aed-11ed-a664-78ac4409ff3c,https://www.chess.com/game/live/64678900987,2022-12,2022,12,1670940648,2022-12-13T14:10:48+00:00,True,chess,rapid,600,600,0,https://www.chess.com/openings/Van-t-Kruijs-Opening-1...e5,A00,Van t Kruijs Opening 1...e5,Vagelas123,Tirex300,578,448,130,,,pgn:1-0 | white:win | black:checkmated,Vagelas123 won by checkmate,6,3,b,black,Bc5,f8c5,False,False,False,False,False,,f8,c5,bishop,r1bqkbnr/pppp1ppp/2n5/1B2p3/8/2P1P3/PP1P1PPP/RNBQK1NR b KQkq - 2 3,r1bqk1nr/pppp1ppp/2n5/1Bb1p3/8/2P1P3/PP1P1PPP/RNBQK1NR w KQkq - 3 4,b,KQkq,-,2,3,31,39,39,0,579.0,564.0,564.0,584.8,20.799999999999955,0.9746666666666666,7.600000000000023,False,14,Tuesday,8,2,2,2,1,8,2,2,2,1,0,0,0,0,0,0,0,0,0,3,2,1,1.057142857142857,1.1904761904761902,-0.1333333333333333,True,True,True,True,False,True,False,False,0001-0010,32,31,31,0,True,True,448,578,-130,white_win,1,0,0
c9e74cd6-7aed-11ed-a664-78ac4409ff3c,https://www.chess.com/game/live/64678900987,2022-12,2022,12,1670940648,2022-12-13T14:10:48+00:00,True,chess,rapid,600,600,0,https://www.chess.com/openings/Van-t-Kruijs-Opening-1...e5,A00,Van t Kruijs Opening 1...e5,Vagelas123,Tirex300,578,448,130,,,pgn:1-0 | white:win | black:checkmated,Vagelas123 won by checkmate,7,4,w,white,Nf3,g1f3,False,False,False,False,False,,g1,f3,knight,r1bqk1nr/pppp1ppp/2n5/1Bb1p3/8/2P1P3/PP1P1PPP/RNBQK1NR w KQkq - 3 4,r1bqk1nr/pppp1ppp/2n5/1Bb1p3/8/2P1PN2/PP1P1PPP/RNBQK2R b KQkq - 4 4,w,KQkq,-,3,4,34,39,39,0,574.7,564.0,574.7,579.0,4.2999999999999545,0.965,7.0,False,14,Tuesday,8,2,2,2,1,8,2,2,2,1,0,0,0,0,0,0,0,0,0,3,2,1,1.1642857142857141,1.1904761904761902,-0.026190476190476097,True,True,True,True,False,True,False,False,0001-0010,32,31,31,0,True,True,578,448,130,white_win,1,0,0
c9e74cd6-7aed-11ed-a664-78ac4409ff3c,https://www.chess.com/game/live/64678900987,2022-12,2022,12,1670940648,2022-12-13T14:10:48+00:00,True,chess,rapid,600,600,0,https://www.chess.com/openings/Van-t-Kruijs-Opening-1...e5,A00,Van t Kruijs Opening 1...e5,Vagelas123,Tirex300,578,448,130,,,pgn:1-0 | white:win | black:checkmated,Vagelas123 won by checkmate,8,4,b,black,h5,h7h5,False,False,False,False,False,,h7,h5,pawn,r1bqk1nr/pppp1ppp/2n5/1Bb1p3/8/2P1PN2/PP1P1PPP/RNBQK2R b KQkq - 4 4,r1bqk1nr/pppp1pp1/2n5/1Bb1p2p/8/2P1PN2/PP1P1PPP/RNBQK2R w KQkq - 0 5,b,KQkq,-,4,4,35,39,39,0,574.7,545.1,545.1,564.0,18.899999999999977,0.94,12.0,False,14,Tuesday,8,2,2,2,1,8,2,2,2,1,0,0,0,0,0,0,0,0,0,3,2,1,1.1642857142857141,1.2476190476190474,-0.08333333333333326,True,True,True,True,False,True,False,False,0001-0010,32,31,31,0,True,True,448,578,-130,white_win,1,0,0
c9e74cd6-7aed-11ed-a664-78ac4409ff3c,https://www.chess.com/game/live/64678900987,2022-12,2022,12,1670940648,2022-12-13T14:10:48+00:00,True,chess,rapid,600,600,0,https://www.chess.com/openings/Van-t-Kruijs-Opening-1...e5,A00,Van t Kruijs Opening 1...e5,Vagelas123,Tirex300,578,448,130,,,pgn:1-0 | white:win | black:checkmated,Vagelas123 won by checkmate,9,5,w,white,d4,d2d4,False,False,False,False,False,,d2,d4,pawn,r1bqk1nr/pppp1pp1/2n5/1Bb1p2p/8/2P1PN2/PP1P1PPP/RNBQK2R w KQkq - 0 5,r1bqk1nr/pppp1pp1/2n5/1Bb1p2p/3P4/2P1PN2/PP3PPP/RNBQK2R b KQkq - 0 5,w,KQkq,h6,0,5,34,39,39,0,571.0,545.1,571.0,574.7,3.7000000000000455,0.9578333333333334,6.324999999999989,False,14,Tuesday,8,2,2,2,1,8,2,2,2,1,0,0,0,0,0,0,0,0,0,3,2,1,1.1642857142857141,1.2476190476190474,-0.08333333333333326,True,True,True,True,False,True,False,False,0001-0010,32,31,31,0,True,True,578,448,130,white_win,1,0,0
c9e74cd6-7aed-11ed-a664-78ac4409ff3c,https://www.chess.com/game/live/64678900987,2022-12,2022,12,1670940648,2022-12-13T14:10:48+00:00,True,chess,rapid,600,600,0,https://www.chess.com/openings/Van-t-Kruijs-Opening-1...e5,A00,Van t Kruijs Opening 1...e5,Vagelas123,Tirex300,578,448,130,,,pgn:1-0 | white:win | black:checkmated,Vagelas123 won by checkmate,10,5,b,black,exd4,e5d4,True,False,False,False,False,,e5,d4,pawn,r1bqk1nr/pppp1pp1/2n5/1Bb1p2p/3P4/2P1PN2/PP3PPP/RNBQK2R b KQkq - 0 5,r1bqk1nr/pppp1pp1/2n5/1Bb4p/3p4/2P1PN2/PP3PPP/RNBQK2R w KQkq - 0 6,b,KQkq,d3,0,5,36,39,39,0,571.0,538.3,538.3,545.1,6.800000000000068,0.9085000000000001,13.724999999999994,False,14,Tuesday,8,2,2,2,1,8,2,2,2,1,0,0,0,0,0,0,0,0,0,2,2,0,1.1642857142857141,1.2476190476190474,-0.08333333333333326,True,True,True,True,False,True,False,False,0001-0010,32,31,31,0,True,True,448,578,-130,white_win,1,0,0
c9e74cd6-7aed-11ed-a664-78ac4409ff3c,https://www.chess.com/game/live/64678900987,2022-12,2022,12,1670940648,2022-12-13T14:10:48+00:00,True,chess,rapid,600,600,0,https://www.chess.com/openings/Van-t-Kruijs-Opening-1...e5,A00,Van t Kruijs Opening 1...e5,Vagelas123,Tirex300,578,448,130,,,pgn:1-0 | white:win | black:checkmated,Vagelas123 won by checkmate,11,6,w,white,cxd4,c3d4,True,False,False,False,False,,c3,d4,pawn,r1bqk1nr/pppp1pp1/2n5/1Bb4p/3p4/2P1PN2/PP3PPP/RNBQK2R w KQkq - 0 6,r1bqk1nr/pppp1pp1/2n5/1Bb4p/3P4/4PN2/PP3PPP/RNBQK2R b KQkq - 0 6,w,KQkq,-,0,6,41,38,39,-1,569.8,538.3,569.8,571.0,1.2000000000000455,0.9516666666666667,5.8,False,14,Tuesday,7,2,2,2,1,8,2,2,2,1,0,2,-2,0,0,0,0,0,0,2,2,0,1.1642857142857141,1.2476190476190474,-0.08333333333333326,True,True,True,True,False,True,False,False,0011-0020,31,31,31,0,True,True,578,448,130,white_win,1,0,0
c9e74cd6-7aed-11ed-a664-78ac4409ff3c,https://www.chess.com/game/live/64678900987,2022-12,2022,12,1670940648,2022-12-13T14:10:48+00:00,True,chess,rapid,600,600,0,https://www.chess.com/openings/Van-t-Kruijs-Opening-1...e5,A00,Van t Kruijs Opening 1...e5,Vagelas123,Tirex300,578,448,130,,,pgn:1-0 | white:win | black:checkmated,Vagelas123 won by checkmate,12,6,b,black,Nxd4,c6d4,True,False,False,False,False,,c6,d4,knight,r1bqk1nr/pppp1pp1/2n5/1Bb4p/3P4/4PN2/PP3PPP/RNBQK2R b KQkq - 0 6,r1bqk1nr/pppp1pp1/8/1Bb4p/3n4/4PN2/PP3PPP/RNBQK2R w KQkq - 0 7,b,KQkq,-,0,6,35,38,38,0,569.8,524.4,524.4,538.3,13.899999999999977,0.8971666666666666,12.340000000000009,False,14,Tuesday,7,2,2,2,1,7,2,2,2,1,0,0,0,0,0,0,0,0,0,2,2,0,1.1642857142857141,1.2476190476190474,-0.08333333333333326,True,True,True,True,False,True,False,False,0011-0020,30,31,31,0,True,True,448,578,-130,white_win,1,0,0
c9e74cd6-7aed-11ed-a664-78ac4409ff3c,https://www.chess.com/game/live/64678900987,2022-12,2022,12,1670940648,2022-12-13T14:10:48+00:00,True,chess,rapid,600,600,0,https://www.chess.com/openings/Van-t-Kruijs-Opening-1...e5,A00,Van t Kruijs Opening 1...e5,Vagelas123,Tirex300,578,448,130,,,pgn:1-0 | white:win | black:checkmated,Vagelas123 won by checkmate,13,7,w,white,exd4,e3d4,True,False,False,False,False,,e3,d4,pawn,r1bqk1nr/pppp1pp1/8/1Bb4p/3n4/4PN2/PP3PPP/RNBQK2R w KQkq - 0 7,r1bqk1nr/pppp1pp1/8/1Bb4p/3P4/5N2/PP3PPP/RNBQK2R b KQkq - 0 7,w,KQkq,-,0,7,40,37,38,-1,567.4,524.4,567.4,569.8,2.3999999999999773,0.9496666666666665,5.033333333333341,False,14,Tuesday,6,2,2,2,1,7,2,2,2,1,0,0,0,0,0,0,0,0,0,2,2,0,1.2976190476190474,1.2476190476190474,0.050000000000000044,True,True,True,True,False,True,False,False,0011-0020,29,31,31,0,True,True,578,448,130,white_win,1,0,0
c9e74cd6-7aed-11ed-a664-78ac4409ff3c,https://www.chess.com/game/live/64678900987,2022-12,2022,12,1670940648,2022-12-13T14:10:48+00:00,True,chess,rapid,600,600,0,https://www.chess.com/openings/Van-t-Kruijs-Opening-1...e5,A00,Van t Kruijs Opening 1...e5,Vagelas123,Tirex300,578,448,130,,,pgn:1-0 | white:win | black:checkmated,Vagelas123 won by checkmate,14,7,b,black,Qe7+,d8e7,False,True,False,False,False,,d8,e7,queen,r1bqk1nr/pppp1pp1/8/1Bb4p/3P4/5N2/PP3PPP/RNBQK2R b KQkq - 0 7,r1b1k1nr/ppppqpp1/8/1Bb4p/3P4/5N2/PP3PPP/RNBQK2R w KQkq - 1 8,b,KQkq,-,0,7,28,37,35,2,567.4,513.8,513.8,524.4,10.600000000000023,0.874,12.600000000000003,False,14,Tuesday,6,2,2,2,1,7,1,2,2,1,0,0,0,1,0,1,0,0,0,1,2,-1,0.9642857142857142,1.2476190476190474,-0.2833333333333332,True,True,True,True,False,True,False,False,0011-0020,28,31,28,3,True,True,448,578,-130,white_win,1,0,0
c9e74cd6-7aed-11ed-a664-78ac4409ff3c,https://www.chess.com/game/live/64678900987,2022-12,2022,12,1670940648,2022-12-13T14:10:48+00:00,True,chess,rapid,600,600,0,https://www.chess.com/openings/Van-t-Kruijs-Opening-1...e5,A00,Van t Kruijs Opening 1...e5,Vagelas123,Tirex300,578,448,130,,,pgn:1-0 | white:win | black:checkmated,Vagelas123 won by checkmate,15,8,w,white,Kf1,e1f1,False,False,False,False,False,,e1,f1,king,r1b1k1nr/ppppqpp1/8/1Bb4p/3P4/5N2/PP3PPP/RNBQK2R w KQkq - 1 8,r1b1k1nr/ppppqpp1/8/1Bb4p/3P4/5N2/PP3PPP/RNBQ1K1R b kq - 2 8,w,KQkq,-,1,8,6,37,35,2,554.8,513.8,554.8,567.4,12.600000000000023,0.9456666666666667,4.65714285714286,False,14,Tuesday,6,2,2,2,1,7,1,2,2,1,0,0,0,1,0,1,0,0,0,1,2,-1,0.988095238095238,1.2476190476190474,-0.2595238095238094,True,True,True,True,True,True,False,False,0011-0020,28,31,28,3,True,True,578,448,130,white_win,1,0,0
